,_id,category_code,city,founded_year,geo,latitude,longitude,name,number_of_employees,near_companies,size_variance,categories
22,5cd52f5440b61af8a980972a,games_video,New York,2004,"{'type': 'Point', 'coordinates': [-73.99873, 40.722655]}",40.722655,-73.99873,Pando Networks,23.0,357,4581.913488764586,"['games_video', 'public_relations', 'other', 'web', 'mobile', 'enterprise', 'web', 'web', 'web', 'web', 'enterprise', 'advertising', 'web', 'software', 'web', 'games_video', 'web', 'web', 'advertising', 'network_hosting', 'games_video', 'other', 'advertising', 'ecommerce', 'web', 'games_video', 'software', 'ecommerce', 'ecommerce', 'social', 'social', 'web', 'public_relations', 'advertising', 'ecommerce', 'games_video', 'web', 'ecommerce', 'games_video', 'web', 'web', 'other', 'ecommerce', 'web', 'software', 'enterprise', 'web', 'web', 'ecommerce', 'public_relations', 'cleantech', 'web', 'advertising', 'games_video', 'advertising', 'software', 'advertising', 'analytics', 'consulting', 'public_relations', 'mobile', 'web', 'advertising', 'games_video', 'web', 'web', 'software', 'web', 'games_video', 'software', 'software', 'other', 'ecommerce', 'web', 'consulting', 'web', 'web', 'web', 'public_relations', 'software', 'security', 'web', 'software', 'advertising', 'software', 'games_video', 'games_video', 'other', 'software', 'public_relations', 'search', 'search', 'software', 'ecommerce', 'ecommerce', 'public_relations', 'web', 'web', 'web', 'web', 'mobile', 'enterprise', 'other', 'software', 'web', 'web', 'web', 'social', 'software', 'web', 'advertising', 'web', 'web', 'advertising', 'advertising', 'games_video', 'advertising', 'software', 'mobile', 'mobile', 'ecommerce', 'ecommerce', 'public_relations', 'web', 'other', 'consulting', 'games_video', 'advertising', 'advertising', 'web', 'cleantech', 'web', 'web', 'web', 'ecommerce', 'ecommerce', 'web', 'advertising', 'web', 'web', 'cleantech', 'enterprise', 'web', 'enterprise', 'web', 'software', 'public_relations', 'software', 'software', 'games_video', 'advertising', 'other', 'games_video', 'games_video', 'web', 'software', 'web', 'ecommerce', 'advertising', 'advertising', 'advertising', 'advertising', 'ecommerce', 'ecommerce', 'web', 'web', 'consulting', 'web', 'analytics', 'web', 'software', 'web', 'games_video', 'games_video', 'analytics', 'software', 'software', 'advertising', 'search', 'web', 'web', 'public_relations', 'advertising', 'search', 'advertising', 'web', 'software', 'web', 'web', 'games_video', 'security', 'mobile', 'web', 'web', 'ecommerce', 'web', 'consulting', 'web', 'security', 'games_video', 'consulting', 'network_hosting', 'advertising', 'ecommerce', 'cleantech', 'enterprise', 'web', 'web', 'ecommerce', 'games_video', 'enterprise', 'software', 'advertising', 'advertising', 'public_relations', 'advertising', 'advertising', 'web', 'web', 'mobile', 'mobile', 'games_video', 'games_video', 'games_video', 'web', 'advertising', 'software', 'software', 'network_hosting', 'games_video', 'web', 'web', 'software', 'enterprise', 'web', 'web', 'web', 'ecommerce', 'ecommerce', 'analytics', 'ecommerce', 'enterprise', 'web', 'web', 'mobile', 'mobile', 'advertising', 'ecommerce', 'web', 'other', 'other', 'advertising', 'games_video', 'games_video', 'web', 'other', 'web', 'advertising', 'web', 'other', 'web', 'other', 'web', 'advertising', 'mobile', 'web', 'web', 'games_video', 'web', 'games_video', 'web', 'public_relations', 'public_relations', 'public_relations', 'games_video', 'web', 'other', 'software', 'web', 'social', 'advertising', 'ecommerce', 'web', 'games_video', 'social', 'network_hosting', 'search', 'mobile', 'network_hosting', 'web', 'games_video', 'web', 'web', 'web', 'web', 'software', 'ecommerce', 'software', 'web', 'web', 'network_hosting', 'mobile', 'advertising', 'enterprise', 'software', 'software', 'web', 'web', 'games_video', 'games_video', 'software', 'software', 'software', 'ecommerce', 'software', 'web', 'enterprise', 'ecommerce', 'other', 'software', 'web', 'web', 'games_video', 'mobile', 'advertising', 'other', 'web', 'web', 'software', 'software', 'other', 'mobile', 'games_video', 'games_video', 'games_video', 'games_video', 'other', 'web', 'web', 'web', 'web', 'games_video', 'network_hosting', 'web', 'web', 'search', 'advertising', 'network_hosting', 'biotech', 'ecommerce', 'cleantech', 'network_hosting', 'web', 'web', 'web', 'advertising', 'web']"
448,5cd52f5440b61af8a98098d4,web,New York,2006,"{'type': 'Point', 'coordinates': [-74.005897, 40.715145]}",40.715145,-74.005897,Convos,,357,4581.913488764585,"['web', 'other', 'software', 'ecommerce', 'web', 'games_video', 'public_relations', 'consulting', 'ecommerce', 'games_video', 'advertising', 'advertising', 'web', 'software', 'advertising', 'web', 'web', 'enterprise', 'games_video', 'software', 'software', 'web', 'software', 'security', 'software', 'web', 'ecommerce', 'search', 'search', 'software', 'games_video', 'web', 'software', 'public_relations', 'mobile', 'mobile', 'web', 'public_relations', 'games_video', 'software', 'other', 'mobile', 'advertising', 'other', 'web', 'advertising', 'enterprise', 'advertising', 'other', 'web', 'web', 'web', 'ecommerce', 'social', 'social', 'web', 'enterprise', 'web', 'games_video', 'public_relations', 'network_hosting', 'advertising', 'enterprise', 'cleantech', 'ecommerce', 'ecommerce', 'web', 'cleantech', 'web', 'public_relations', 'advertising', 'web', 'web', 'web', 'ecommerce', 'ecommerce', 'games_video', 'ecommerce', 'web', 'web', 'games_video', 'software', 'advertising', 'advertising', 'software', 'games_video', 'analytics', 'mobile', 'web', 'software', 'web', 'web', 'public_relations', 'web', 'other', 'ecommerce', 'games_video', 'web', 'social', 'web', 'consulting', 'web', 'mobile', 'games_video', 'web', 'software', 'web', 'advertising', 'software', 'games_video', 'web', 'ecommerce', 'web', 'web', 'other', 'public_relations', 'ecommerce', 'ecommerce', 'enterprise', 'public_relations', 'software', 'web', 'web', 'web', 'web', 'software', 'web', 'advertising', 'other', 'cleantech', 'advertising', 'advertising', 'advertising', 'games_video', 'ecommerce', 'ecommerce', 'web', 'software', 'advertising', 'web', 'consulting', 'web', 'web', 'web', 'web', 'web', 'enterprise', 'web', 'software', 'games_video', 'web', 'games_video', 'software', 'public_relations', 'games_video', 'advertising', 'web', 'other', 'software', 'games_video', 'games_video', 'web', 'ecommerce', 'advertising', 'consulting', 'advertising', 'advertising', 'advertising', 'ecommerce', 'ecommerce', 'web', 'web', 'software', 'web', 'analytics', 'web', 'analytics', 'software', 'web', 'advertising', 'advertising', 'search', 'web', 'web', 'public_relations', 'web', 'advertising', 'web', 'search', 'security', 'software', 'games_video', 'security', 'web', 'games_video', 'games_video', 'games_video', 'mobile', 'web', 'web', 'web', 'web', 'ecommerce', 'consulting', 'enterprise', 'advertising', 'games_video', 'network_hosting', 'consulting', 'web', 'web', 'advertising', 'ecommerce', 'ecommerce', 'cleantech', 'enterprise', 'software', 'ecommerce', 'enterprise', 'public_relations', 'web', 'advertising', 'advertising', 'web', 'web', 'advertising', 'games_video', 'web', 'web', 'mobile', 'mobile', 'enterprise', 'web', 'software', 'advertising', 'software', 'software', 'network_hosting', 'games_video', 'ecommerce', 'analytics', 'web', 'web', 'web', 'enterprise', 'mobile', 'mobile', 'advertising', 'web', 'ecommerce', 'other', 'web', 'other', 'web', 'advertising', 'web', 'web', 'games_video', 'web', 'mobile', 'other', 'other', 'advertising', 'games_video', 'web', 'advertising', 'games_video', 'web', 'other', 'web', 'public_relations', 'public_relations', 'games_video', 'web', 'web', 'public_relations', 'advertising', 'other', 'games_video', 'web', 'social', 'software', 'web', 'web', 'web', 'web', 'web', 'software', 'network_hosting', 'games_video', 'web', 'network_hosting', 'social', 'web', 'ecommerce', 'network_hosting', 'web', 'mobile', 'search', 'games_video', 'software', 'ecommerce', 'web', 'software', 'enterprise', 'mobile', 'advertising', 'software', 'web', 'web', 'games_video', 'web', 'web', 'games_video', 'software', 'software', 'software', 'ecommerce', 'software', 'web', 'web', 'other', 'web', 'ecommerce', 'search', 'software', 'web', 'games_video', 'mobile', 'advertising', 'other', 'software', 'software', 'other', 'mobile', 'games_video', 'games_video', 'games_video', 'games_video', 'ecommerce', 'other', 'web', 'web', 'network_hosting', 'web', 'games_video', 'web', 'advertising', 'network_hosting', 'web', 'biotech', 'cleantech', 'web', 'advertising', 'network_hosting', 'web', 'web']"
568,5cd52f5440b61af8a980994c,games_video,New York,2001,"{'type': 'Point', 'coordinates': [-74.002662, 40.717248]}",40.717248,-74.002662,Boonty,150.0,357,4581.913488764586,"['games_video', 'ecommerce', 'web', 'software', 'games_video', 'advertising', 'web', 'other', 'software', 'enterprise', 'ecommerce', 'web', 'public_relations', 'web', 'web', 'advertising', 'games_video', 'consulting', 'public_relations', 'web', 'games_video', 'advertising', 'ecommerce', 'mobile', 'other', 'web', 'enterprise', 'web', 'web', 'web', 'web', 'games_video', 'software', 'advertising', 'other', 'advertising', 'software', 'software', 'web', 'web', 'social', 'social', 'games_video', 'software', 'web', 'ecommerce', 'web', 'security', 'network_hosting', 'software', 'advertising', 'public_relations', 'software', 'search', 'search', 'software', 'ecommerce', 'ecommerce', 'mobile', 'mobile', 'public_relations', 'enterprise', 'web', 'other', 'advertising', 'cleantech', 'web', 'web', 'ecommerce', 'web', 'public_relations', 'enterprise', 'cleantech', 'web', 'games_video', 'web', 'web', 'advertising', 'games_video', 'advertising', 'ecommerce', 'ecommerce', 'software', 'advertising', 'games_video', 'analytics', 'mobile', 'web', 'web', 'software', 'web', 'web', 'public_relations', 'games_video', 'other', 'ecommerce', 'consulting', 'web', 'games_video', 'web', 'software', 'web', 'social', 'web', 'mobile', 'advertising', 'software', 'web', 'games_video', 'other', 'public_relations', 'software', 'ecommerce', 'ecommerce', 'web', 'web', 'web', 'software', 'public_relations', 'enterprise', 'web', 'web', 'web', 'web', 'other', 'software', 'advertising', 'web', 'advertising', 'advertising', 'games_video', 'advertising', 'software', 'ecommerce', 'ecommerce', 'cleantech', 'web', 'consulting', 'advertising', 'web', 'web', 'web', 'ecommerce', 'web', 'web', 'web', 'enterprise', 'software', 'web', 'public_relations', 'software', 'games_video', 'advertising', 'other', 'web', 'games_video', 'games_video', 'software', 'ecommerce', 'web', 'advertising', 'web', 'games_video', 'games_video', 'advertising', 'advertising', 'advertising', 'ecommerce', 'ecommerce', 'consulting', 'web', 'web', 'web', 'software', 'analytics', 'web', 'analytics', 'software', 'web', 'advertising', 'search', 'advertising', 'public_relations', 'web', 'web', 'web', 'advertising', 'search', 'web', 'software', 'games_video', 'security', 'security', 'web', 'mobile', 'games_video', 'games_video', 'games_video', 'web', 'web', 'web', 'ecommerce', 'consulting', 'web', 'games_video', 'consulting', 'advertising', 'network_hosting', 'web', 'web', 'cleantech', 'ecommerce', 'ecommerce', 'enterprise', 'ecommerce', 'advertising', 'software', 'enterprise', 'advertising', 'web', 'web', 'public_relations', 'web', 'advertising', 'advertising', 'web', 'games_video', 'mobile', 'mobile', 'web', 'advertising', 'software', 'software', 'web', 'enterprise', 'network_hosting', 'software', 'games_video', 'web', 'ecommerce', 'analytics', 'enterprise', 'web', 'web', 'mobile', 'mobile', 'enterprise', 'other', 'other', 'games_video', 'web', 'web', 'other', 'advertising', 'advertising', 'games_video', 'web', 'other', 'web', 'other', 'web', 'advertising', 'mobile', 'web', 'web', 'games_video', 'web', 'advertising', 'ecommerce', 'web', 'games_video', 'public_relations', 'public_relations', 'web', 'web', 'public_relations', 'games_video', 'other', 'software', 'advertising', 'web', 'ecommerce', 'social', 'social', 'games_video', 'mobile', 'network_hosting', 'web', 'web', 'network_hosting', 'ecommerce', 'software', 'web', 'web', 'search', 'web', 'web', 'web', 'network_hosting', 'software', 'games_video', 'web', 'enterprise', 'software', 'mobile', 'advertising', 'software', 'games_video', 'web', 'web', 'web', 'games_video', 'web', 'web', 'software', 'software', 'software', 'ecommerce', 'software', 'web', 'ecommerce', 'other', 'software', 'web', 'games_video', 'mobile', 'advertising', 'other', 'web', 'web', 'search', 'software', 'software', 'other', 'mobile', 'games_video', 'games_video', 'games_video', 'games_video', 'other', 'web', 'web', 'network_hosting', 'web', 'ecommerce', 'games_video', 'web', 'advertising', 'network_hosting', 'biotech', 'cleantech', 'web', 'network_hosting', 'web', 'web', 'advertising', 'web']"
602,5cd52f5440b61af8a980996e,web,New York,2007,"{'type': 'Point', 'coordinates': [-74.00118, 40.718871]}",40.718871,-74.00118,Thrive,15.0,357,4581.913488764584,"['web', 'software', 'advertising', 'games_video', 'enterprise', 'ecommerce', 'web', 'web', 'games_video', 'games_video', 'public_relations', 'web', 'web', 'other', 'software', 'mobile', 'other', 'web', 'ecommerce', 'public_relations', 'web', 'enterprise', 'games_video', 'web', 'web', 'web', 'ecommerce', 'advertising', 'web', 'software', 'games_video', 'consulting', 'web', 'advertising', 'other', 'games_video', 'advertising', 'advertising', 'social', 'social', 'web', 'network_hosting', 'ecommerce', 'advertising', 'public_relations', 'ecommerce', 'ecommerce', 'web', 'software', 'software', 'software', 'web', 'web', 'web', 'enterprise', 'web', 'cleantech', 'security', 'ecommerce', 'software', 'web', 'software', 'search', 'search', 'software', 'public_relations', 'games_video', 'mobile', 'mobile', 'web', 'public_relations', 'advertising', 'software', 'other', 'advertising', 'advertising', 'analytics', 'games_video', 'mobile', 'web', 'enterprise', 'cleantech', 'web', 'games_video', 'advertising', 'web', 'web', 'web', 'ecommerce', 'ecommerce', 'web', 'games_video', 'public_relations', 'other', 'ecommerce', 'consulting', 'web', 'software', 'web', 'games_video', 'software', 'web', 'advertising', 'software', 'games_video', 'web', 'social', 'mobile', 'other', 'public_relations', 'software', 'ecommerce', 'ecommerce', 'web', 'public_relations', 'web', 'web', 'web', 'web', 'web', 'web', 'enterprise', 'web', 'other', 'software', 'advertising', 'web', 'advertising', 'advertising', 'advertising', 'games_video', 'software', 'ecommerce', 'ecommerce', 'web', 'consulting', 'cleantech', 'advertising', 'software', 'web', 'web', 'web', 'web', 'web', 'web', 'enterprise', 'web', 'software', 'public_relations', 'software', 'games_video', 'advertising', 'other', 'games_video', 'games_video', 'web', 'software', 'ecommerce', 'web', 'ecommerce', 'advertising', 'advertising', 'advertising', 'advertising', 'ecommerce', 'ecommerce', 'web', 'web', 'consulting', 'games_video', 'web', 'games_video', 'web', 'analytics', 'software', 'web', 'analytics', 'software', 'advertising', 'web', 'search', 'web', 'advertising', 'public_relations', 'advertising', 'search', 'web', 'web', 'web', 'software', 'games_video', 'security', 'mobile', 'web', 'web', 'security', 'ecommerce', 'web', 'consulting', 'web', 'games_video', 'games_video', 'games_video', 'games_video', 'consulting', 'web', 'advertising', 'network_hosting', 'web', 'web', 'cleantech', 'enterprise', 'ecommerce', 'software', 'enterprise', 'advertising', 'advertising', 'ecommerce', 'ecommerce', 'public_relations', 'web', 'advertising', 'advertising', 'web', 'web', 'web', 'mobile', 'mobile', 'games_video', 'web', 'advertising', 'software', 'software', 'network_hosting', 'web', 'games_video', 'software', 'enterprise', 'web', 'analytics', 'ecommerce', 'enterprise', 'web', 'web', 'mobile', 'mobile', 'advertising', 'web', 'other', 'web', 'other', 'web', 'advertising', 'mobile', 'games_video', 'web', 'advertising', 'web', 'ecommerce', 'web', 'other', 'other', 'advertising', 'games_video', 'games_video', 'web', 'other', 'web', 'web', 'games_video', 'public_relations', 'public_relations', 'web', 'web', 'public_relations', 'games_video', 'other', 'software', 'web', 'advertising', 'ecommerce', 'social', 'software', 'web', 'web', 'search', 'social', 'network_hosting', 'games_video', 'mobile', 'network_hosting', 'web', 'games_video', 'web', 'web', 'web', 'web', 'network_hosting', 'ecommerce', 'software', 'web', 'enterprise', 'enterprise', 'mobile', 'advertising', 'software', 'software', 'web', 'games_video', 'web', 'games_video', 'web', 'software', 'software', 'ecommerce', 'software', 'software', 'web', 'web', 'web', 'ecommerce', 'other', 'software', 'web', 'games_video', 'mobile', 'advertising', 'other', 'web', 'web', 'software', 'software', 'other', 'search', 'mobile', 'games_video', 'games_video', 'games_video', 'games_video', 'other', 'web', 'web', 'network_hosting', 'web', 'games_video', 'web', 'ecommerce', 'advertising', 'network_hosting', 'biotech', 'cleantech', 'web', 'network_hosting', 'web', 'web', 'web', 'advertising']"
942,5cd52f5440b61af8a9809ac2,web,New York,2005,"{'type': 'Point', 'coordinates': [-74.0013669, 40.723839]}",40.723839,-74.0013669,GoMobo,,357,4581.913488764585,"['web', 'mobile', 'games_video', 'web', 'web', 'web', 'web', 'enterprise', 'web', 'advertising', 'public_relations', 'other', 'web', 'other', 'advertising', 'web', 'games_video', 'software', 'enterprise', 'social', 'social', 'web', 'web', 'games_video', 'software', 'web', 'advertising', 'public_relations', 'ecommerce', 'ecommerce', 'advertising', 'ecommerce', 'games_video', 'games_video', 'ecommerce', 'ecommerce', 'games_video', 'network_hosting', 'enterprise', 'web', 'cleantech', 'web', 'other', 'web', 'web', 'software', 'web', 'public_relations', 'ecommerce', 'ecommerce', 'advertising', 'public_relations', 'web', 'advertising', 'web', 'software', 'advertising', 'consulting', 'analytics', 'games_video', 'mobile', 'advertising', 'software', 'web', 'web', 'web', 'web', 'public_relations', 'other', 'ecommerce', 'games_video', 'games_video', 'web', 'consulting', 'web', 'software', 'software', 'software', 'web', 'mobile', 'web', 'social', 'web', 'advertising', 'software', 'web', 'games_video', 'security', 'web', 'public_relations', 'web', 'web', 'web', 'ecommerce', 'ecommerce', 'other', 'software', 'enterprise', 'public_relations', 'search', 'search', 'web', 'web', 'web', 'software', 'software', 'web', 'web', 'advertising', 'software', 'software', 'other', 'advertising', 'advertising', 'games_video', 'ecommerce', 'ecommerce', 'advertising', 'games_video', 'cleantech', 'software', 'mobile', 'advertising', 'public_relations', 'web', 'mobile', 'other', 'web', 'web', 'consulting', 'web', 'web', 'advertising', 'enterprise', 'web', 'web', 'web', 'software', 'enterprise', 'software', 'public_relations', 'games_video', 'web', 'cleantech', 'games_video', 'web', 'other', 'web', 'advertising', 'ecommerce', 'ecommerce', 'advertising', 'software', 'games_video', 'games_video', 'web', 'ecommerce', 'advertising', 'games_video', 'games_video', 'web', 'software', 'consulting', 'advertising', 'advertising', 'advertising', 'ecommerce', 'ecommerce', 'web', 'web', 'software', 'analytics', 'web', 'web', 'software', 'software', 'analytics', 'web', 'advertising', 'advertising', 'search', 'public_relations', 'web', 'web', 'web', 'web', 'advertising', 'search', 'software', 'games_video', 'security', 'web', 'security', 'mobile', 'web', 'web', 'ecommerce', 'web', 'consulting', 'advertising', 'games_video', 'consulting', 'network_hosting', 'web', 'web', 'cleantech', 'advertising', 'enterprise', 'software', 'enterprise', 'ecommerce', 'public_relations', 'advertising', 'advertising', 'web', 'web', 'games_video', 'advertising', 'web', 'mobile', 'mobile', 'ecommerce', 'web', 'enterprise', 'software', 'network_hosting', 'software', 'advertising', 'games_video', 'software', 'games_video', 'ecommerce', 'analytics', 'web', 'web', 'web', 'enterprise', 'mobile', 'mobile', 'advertising', 'web', 'other', 'web', 'other', 'web', 'advertising', 'mobile', 'web', 'web', 'games_video', 'web', 'advertising', 'ecommerce', 'web', 'other', 'other', 'advertising', 'games_video', 'games_video', 'web', 'other', 'web', 'public_relations', 'public_relations', 'games_video', 'games_video', 'games_video', 'web', 'public_relations', 'web', 'web', 'web', 'other', 'advertising', 'web', 'games_video', 'ecommerce', 'ecommerce', 'social', 'social', 'search', 'software', 'games_video', 'network_hosting', 'mobile', 'web', 'network_hosting', 'web', 'web', 'games_video', 'web', 'web', 'web', 'web', 'network_hosting', 'ecommerce', 'software', 'software', 'ecommerce', 'web', 'web', 'software', 'enterprise', 'mobile', 'advertising', 'software', 'web', 'web', 'games_video', 'games_video', 'software', 'software', 'software', 'software', 'ecommerce', 'web', 'other', 'ecommerce', 'software', 'enterprise', 'web', 'games_video', 'mobile', 'advertising', 'other', 'web', 'software', 'software', 'web', 'web', 'other', 'mobile', 'games_video', 'games_video', 'games_video', 'games_video', 'other', 'web', 'web', 'web', 'games_video', 'web', 'web', 'network_hosting', 'web', 'search', 'advertising', 'network_hosting', 'biotech', 'cleantech', 'ecommerce', 'network_hosting', 'web', 'web', 'web', 'advertising', 'web']"
1554,5cd52f5440b61af8a9809d26,web,New York,2008,"{'type': 'Point', 'coordinates': [-74.004441, 40.721583]}",40.721583,-74.004441,photothread,,357,4581.913488764585,"['web', 'web', 'advertising', 'web', 'ecommerce', 'software', 'web', 'ecommerce', 'games_video', 'games_video', 'web', 'games_video', 'software', 'games_video', 'mobile', 'enterprise', 'games_video', 'other', 'advertising', 'advertising', 'public_relations', 'social', 'social', 'web', 'ecommerce', 'web', 'web', 'enterprise', 'other', 'web', 'web', 'other', 'web', 'software', 'web', 'ecommerce', 'public_relations', 'advertising', 'web', 'games_video', 'public_relations', 'advertising', 'enterprise', 'consulting', 'cleantech', 'advertising', 'software', 'network_hosting', 'ecommerce', 'ecommerce', 'public_relations', 'web', 'web', 'web', 'ecommerce', 'software', 'software', 'web', 'web', 'web', 'security', 'web', 'software', 'search', 'search', 'advertising', 'software', 'software', 'advertising', 'analytics', 'games_video', 'software', 'mobile', 'web', 'web', 'web', 'public_relations', 'mobile', 'web', 'public_relations', 'other', 'mobile', 'advertising', 'other', 'ecommerce', 'games_video', 'games_video', 'web', 'social', 'web', 'enterprise', 'consulting', 'mobile', 'web', 'software', 'web', 'web', 'advertising', 'software', 'web', 'web', 'web', 'games_video', 'public_relations', 'ecommerce', 'ecommerce', 'enterprise', 'other', 'public_relations', 'web', 'web', 'web', 'software', 'web', 'software', 'web', 'cleantech', 'advertising', 'web', 'software', 'cleantech', 'games_video', 'web', 'advertising', 'advertising', 'ecommerce', 'ecommerce', 'advertising', 'other', 'games_video', 'web', 'ecommerce', 'ecommerce', 'advertising', 'games_video', 'advertising', 'software', 'web', 'web', 'web', 'web', 'consulting', 'enterprise', 'software', 'web', 'web', 'software', 'web', 'software', 'games_video', 'web', 'games_video', 'public_relations', 'games_video', 'web', 'other', 'software', 'advertising', 'games_video', 'games_video', 'web', 'ecommerce', 'advertising', 'consulting', 'advertising', 'advertising', 'advertising', 'ecommerce', 'ecommerce', 'software', 'web', 'web', 'analytics', 'web', 'software', 'web', 'web', 'analytics', 'advertising', 'web', 'web', 'public_relations', 'advertising', 'search', 'security', 'games_video', 'web', 'security', 'web', 'software', 'advertising', 'search', 'web', 'web', 'mobile', 'web', 'ecommerce', 'web', 'ecommerce', 'consulting', 'advertising', 'web', 'web', 'network_hosting', 'games_video', 'consulting', 'advertising', 'cleantech', 'software', 'enterprise', 'enterprise', 'public_relations', 'ecommerce', 'advertising', 'web', 'advertising', 'games_video', 'web', 'web', 'enterprise', 'advertising', 'web', 'mobile', 'mobile', 'software', 'network_hosting', 'games_video', 'games_video', 'software', 'advertising', 'software', 'ecommerce', 'games_video', 'games_video', 'analytics', 'web', 'web', 'web', 'enterprise', 'mobile', 'mobile', 'web', 'web', 'games_video', 'web', 'advertising', 'ecommerce', 'games_video', 'web', 'other', 'other', 'games_video', 'web', 'other', 'web', 'advertising', 'web', 'other', 'advertising', 'web', 'other', 'web', 'advertising', 'mobile', 'web', 'public_relations', 'public_relations', 'web', 'web', 'web', 'games_video', 'ecommerce', 'ecommerce', 'public_relations', 'advertising', 'other', 'web', 'games_video', 'web', 'games_video', 'social', 'network_hosting', 'search', 'mobile', 'network_hosting', 'web', 'games_video', 'web', 'web', 'web', 'web', 'software', 'ecommerce', 'software', 'web', 'network_hosting', 'social', 'software', 'ecommerce', 'web', 'software', 'web', 'enterprise', 'mobile', 'advertising', 'software', 'web', 'web', 'games_video', 'enterprise', 'games_video', 'software', 'software', 'software', 'ecommerce', 'software', 'other', 'web', 'web', 'ecommerce', 'games_video', 'mobile', 'software', 'web', 'advertising', 'other', 'web', 'web', 'software', 'software', 'other', 'mobile', 'games_video', 'games_video', 'games_video', 'games_video', 'web', 'other', 'web', 'search', 'web', 'web', 'games_video', 'web', 'web', 'network_hosting', 'advertising', 'network_hosting', 'ecommerce', 'biotech', 'cleantech', 'network_hosting', 'web', 'web', 'web', 'web', 'advertising']"
1706,5cd52f5440b61af8a9809dbe,web,New York,2008,"{'type': 'Point', 'coordinates': [-74.004441, 40.721583]}",40.721583,-74.004441,photothread,,357,4581.913488764585,"['web', 'web', 'advertising', 'web', 'ecommerce', 'software', 'web', 'ecommerce', 'games_video', 'games_video', 'web', 'games_video', 'software', 'games_video', 'mobile', 'enterprise', 'games_video', 'other', 'advertising', 'advertising', 'public_relations', 'social', 'social', 'web', 'ecommerce', 'web', 'web', 'enterprise', 'other', 'web', 'web', 'other', 'web', 'software', 'web', 'ecommerce', 'public_relations', 'advertising', 'web', 'games_video', 'public_relations', 'advertising', 'enterprise', 'consulting', 'cleantech', 'advertising', 'software', 'network_hosting', 'ecommerce', 'ecommerce', 'public_relations', 'web', 'web', 'web', 'ecommerce', 'software', 'software', 'web', 'web', 'web', 'security', 'web', 'software', 'search', 'search', 'advertising', 'software', 'software', 'advertising', 'analytics', 'games_video', 'software', 'mobile', 'web', 'web', 'web', 'public_relations', 'mobile', 'web', 'public_relations', 'other', 'mobile', 'advertising', 'other', 'ecommerce', 'games_video', 'games_video', 'web', 'social', 'web', 'enterprise', 'consulting', 'mobile', 'web', 'software', 'web', 'web', 'advertising', 'software', 'web', 'web', 'web', 'games_video', 'public_relations', 'ecommerce', 'ecommerce', 'enterprise', 'other', 'public_relations', 'web', 'web', 'web', 'software', 'web', 'software', 'web', 'cleantech', 'advertising', 'web', 'software', 'cleantech', 'games_video', 'web', 'advertising', 'advertising', 'ecommerce', 'ecommerce', 'advertising', 'other', 'games_video', 'web', 'ecommerce', 'ecommerce', 'advertising', 'games_video', 'advertising', 'software', 'web', 'web', 'web', 'web', 'consulting', 'enterprise', 'software', 'web', 'web', 'software', 'web', 'software', 'games_video', 'web', 'games_video', 'public_relations', 'games_video', 'web', 'other', 'software', 'advertising', 'games_video', 'games_video', 'web', 'ecommerce', 'advertising', 'consulting', 'advertising', 'advertising', 'advertising', 'ecommerce', 'ecommerce', 'software', 'web', 'web', 'analytics', 'web', 'software', 'web', 'web', 'analytics', 'advertising', 'web', 'web', 'public_relations', 'advertising', 'search', 'security', 'games_video', 'web', 'security', 'web', 'software', 'advertising', 'search', 'web', 'web', 'mobile', 'web', 'ecommerce', 'web', 'ecommerce', 'consulting', 'advertising', 'web', 'web', 'network_hosting', 'games_video', 'consulting', 'advertising', 'cleantech', 'software', 'enterprise', 'enterprise', 'public_relations', 'ecommerce', 'advertising', 'web', 'advertising', 'games_video', 'web', 'web', 'enterprise', 'advertising', 'web', 'mobile', 'mobile', 'software', 'network_hosting', 'games_video', 'games_video', 'software', 'advertising', 'software', 'ecommerce', 'games_video', 'games_video', 'analytics', 'web', 'web', 'web', 'enterprise', 'mobile', 'mobile', 'web', 'web', 'games_video', 'web', 'advertising', 'ecommerce', 'games_video', 'web', 'other', 'other', 'games_video', 'web', 'other', 'web', 'advertising', 'web', 'other', 'advertising', 'web', 'other', 'web', 'advertising', 'mobile', 'web', 'public_relations', 'public_relations', 'web', 'web', 'web', 'games_video', 'ecommerce', 'ecommerce', 'public_relations', 'advertising', 'other', 'web', 'games_video', 'web', 'games_video', 'social', 'network_hosting', 'search', 'mobile', 'network_hosting', 'web', 'games_video', 'web', 'web', 'web', 'web', 'software', 'ecommerce', 'software', 'web', 'network_hosting', 'social', 'software', 'ecommerce', 'web', 'software', 'web', 'enterprise', 'mobile', 'advertising', 'software', 'web', 'web', 'games_video', 'enterprise', 'games_video', 'software', 'software', 'software', 'ecommerce', 'software', 'other', 'web', 'web', 'ecommerce', 'games_video', 'mobile', 'software', 'web', 'advertising', 'other', 'web', 'web', 'software', 'software', 'other', 'mobile', 'games_video', 'games_video', 'games_video', 'games_video', 'web', 'other', 'web', 'search', 'web', 'web', 'games_video', 'web', 'web', 'network_hosting', 'advertising', 'network_hosting', 'ecommerce', 'biotech', 'cleantech', 'network_hosting', 'web', 'web', 'web', 'web', 'advertising']"
1749,5cd52f5440b61af8a9809de9,public_relations,New York,2007,"{'type': 'Point', 'coordinates': [-73.9973, 40.722118]}",40.722118,-73.9973,GroundRez,20.0,357,4581.913488764585,"['public_relations', 'games_video', 'other', 'web', 'enterprise', 'enterprise', 'web', 'mobile', 'web', 'web', 'web', 'advertising', 'web', 'games_video', 'software', 'web', 'network_hosting', 'web', 'web', 'advertising', 'games_video', 'ecommerce', 'ecommerce', 'ecommerce', 'other', 'advertising', 'web', 'web', 'games_video', 'software', 'social', 'social', 'games_video', 'web', 'public_relations', 'web', 'advertising', 'ecommerce', 'ecommerce', 'games_video', 'web', 'ecommerce', 'web', 'other', 'web', 'software', 'public_relations', 'ecommerce', 'web', 'games_video', 'enterprise', 'advertising', 'web', 'software', 'advertising', 'cleantech', 'advertising', 'analytics', 'consulting', 'web', 'mobile', 'games_video', 'advertising', 'public_relations', 'web', 'web', 'web', 'software', 'games_video', 'software', 'software', 'other', 'ecommerce', 'web', 'consulting', 'web', 'web', 'games_video', 'web', 'software', 'security', 'web', 'software', 'advertising', 'software', 'other', 'public_relations', 'games_video', 'software', 'software', 'other', 'search', 'search', 'public_relations', 'web', 'public_relations', 'ecommerce', 'ecommerce', 'web', 'web', 'web', 'software', 'enterprise', 'software', 'advertising', 'mobile', 'web', 'web', 'web', 'games_video', 'web', 'software', 'web', 'social', 'mobile', 'advertising', 'games_video', 'advertising', 'advertising', 'mobile', 'web', 'cleantech', 'public_relations', 'web', 'ecommerce', 'ecommerce', 'ecommerce', 'ecommerce', 'web', 'consulting', 'advertising', 'web', 'other', 'web', 'advertising', 'web', 'advertising', 'web', 'enterprise', 'web', 'web', 'software', 'enterprise', 'cleantech', 'software', 'web', 'web', 'public_relations', 'advertising', 'games_video', 'software', 'games_video', 'games_video', 'other', 'software', 'web', 'web', 'ecommerce', 'advertising', 'advertising', 'advertising', 'advertising', 'ecommerce', 'ecommerce', 'web', 'web', 'consulting', 'web', 'analytics', 'web', 'analytics', 'software', 'advertising', 'search', 'web', 'games_video', 'games_video', 'software', 'web', 'web', 'advertising', 'search', 'web', 'software', 'software', 'public_relations', 'advertising', 'web', 'web', 'games_video', 'security', 'mobile', 'web', 'ecommerce', 'web', 'consulting', 'web', 'web', 'ecommerce', 'security', 'games_video', 'games_video', 'consulting', 'network_hosting', 'advertising', 'enterprise', 'ecommerce', 'cleantech', 'games_video', 'games_video', 'advertising', 'web', 'web', 'enterprise', 'software', 'web', 'advertising', 'mobile', 'mobile', 'public_relations', 'web', 'web', 'advertising', 'advertising', 'software', 'advertising', 'web', 'web', 'software', 'web', 'games_video', 'ecommerce', 'ecommerce', 'network_hosting', 'games_video', 'web', 'web', 'software', 'enterprise', 'analytics', 'enterprise', 'web', 'web', 'mobile', 'mobile', 'ecommerce', 'games_video', 'advertising', 'ecommerce', 'web', 'other', 'other', 'advertising', 'games_video', 'games_video', 'web', 'other', 'web', 'advertising', 'web', 'other', 'web', 'other', 'web', 'advertising', 'mobile', 'web', 'web', 'games_video', 'web', 'web', 'public_relations', 'public_relations', 'public_relations', 'web', 'games_video', 'software', 'ecommerce', 'web', 'social', 'other', 'web', 'advertising', 'games_video', 'web', 'social', 'network_hosting', 'search', 'mobile', 'network_hosting', 'web', 'games_video', 'web', 'web', 'web', 'web', 'software', 'ecommerce', 'software', 'network_hosting', 'web', 'mobile', 'advertising', 'software', 'enterprise', 'web', 'software', 'games_video', 'games_video', 'web', 'software', 'ecommerce', 'software', 'software', 'software', 'web', 'enterprise', 'ecommerce', 'web', 'software', 'other', 'web', 'games_video', 'other', 'advertising', 'mobile', 'web', 'web', 'software', 'software', 'other', 'games_video', 'games_video', 'games_video', 'mobile', 'games_video', 'other', 'web', 'web', 'web', 'network_hosting', 'web', 'web', 'web', 'games_video', 'search', 'advertising', 'network_hosting', 'biotech', 'ecommerce', 'cleantech', 'network_hosting', 'web', 'web', 'web', 'advertising', 'web']"
1868,5cd52f5440b61af8a9809e60,software,New York,2006,"{'type': 'Point', 'coordinates': [-74.001169, 40.718888]}",40.718888,-74.001169,ReverbNation,85.0,357,4581.913488764585,"['software', 'web', 'advertising', 'games_video', 'enterprise', 'ecommerce', 'web', 'web', 'games_video', 'games_video', 'public_relations', 'web', 'web', 'other', 'software', 'mobile', 'other', 'web', 'ecommerce', 'public_relations', 'web', 'enterprise', 'web', 'games_video', 'web', 'web', 'ecommerce', 'advertising', 'web', 'software', 'games_video', 'consulting', 'web', 'advertising', 'other', 'games_video', 'advertising', 'advertising', 'social', 'social', 'web', 'network_hosting', 'ecommerce', 'advertising', 'public_relations', 'ecommerce', 'ecommerce', 'web', 'software', 'software', 'software', 'web', 'web', 'web', 'enterprise', 'web', 'cleantech', 'security', 'ecommerce', 'software', 'web', 'software', 'search', 'search', 'software', 'public_relations', 'games_video', 'mobile', 'web', 'mobile', 'advertising', 'public_relations', 'software', 'advertising', 'other', 'advertising', 'analytics', 'games_video', 'mobile', 'web', 'enterprise', 'web', 'cleantech', 'games_video', 'advertising', 'web', 'web', 'web', 'ecommerce', 'ecommerce', 'web', 'games_video', 'public_relations', 'other', 'ecommerce', 'consulting', 'web', 'software', 'web', 'games_video', 'software', 'web', 'advertising', 'software', 'games_video', 'web', 'social', 'mobile', 'other', 'public_relations', 'software', 'ecommerce', 'ecommerce', 'web', 'public_relations', 'web', 'web', 'web', 'web', 'web', 'web', 'enterprise', 'web', 'other', 'software', 'advertising', 'web', 'advertising', 'advertising', 'advertising', 'games_video', 'software', 'ecommerce', 'ecommerce', 'web', 'consulting', 'cleantech', 'advertising', 'software', 'web', 'web', 'web', 'web', 'web', 'web', 'enterprise', 'web', 'software', 'public_relations', 'software', 'games_video', 'advertising', 'other', 'games_video', 'games_video', 'web', 'software', 'ecommerce', 'web', 'advertising', 'ecommerce', 'advertising', 'advertising', 'advertising', 'ecommerce', 'ecommerce', 'web', 'web', 'consulting', 'games_video', 'games_video', 'web', 'web', 'analytics', 'software', 'web', 'analytics', 'software', 'advertising', 'web', 'search', 'web', 'advertising', 'public_relations', 'advertising', 'search', 'web', 'web', 'web', 'software', 'games_video', 'security', 'mobile', 'web', 'web', 'security', 'ecommerce', 'web', 'consulting', 'web', 'games_video', 'games_video', 'games_video', 'games_video', 'consulting', 'web', 'advertising', 'network_hosting', 'web', 'web', 'cleantech', 'enterprise', 'ecommerce', 'software', 'enterprise', 'advertising', 'advertising', 'ecommerce', 'ecommerce', 'public_relations', 'web', 'advertising', 'advertising', 'web', 'web', 'web', 'mobile', 'mobile', 'games_video', 'web', 'advertising', 'software', 'software', 'network_hosting', 'web', 'games_video', 'software', 'enterprise', 'web', 'analytics', 'ecommerce', 'enterprise', 'web', 'web', 'mobile', 'mobile', 'advertising', 'web', 'other', 'web', 'other', 'web', 'advertising', 'games_video', 'advertising', 'ecommerce', 'mobile', 'web', 'other', 'web', 'other', 'advertising', 'games_video', 'games_video', 'web', 'other', 'web', 'web', 'web', 'games_video', 'public_relations', 'public_relations', 'web', 'web', 'public_relations', 'games_video', 'other', 'software', 'web', 'advertising', 'ecommerce', 'social', 'software', 'web', 'web', 'search', 'social', 'network_hosting', 'games_video', 'mobile', 'network_hosting', 'web', 'games_video', 'web', 'web', 'web', 'web', 'network_hosting', 'ecommerce', 'software', 'web', 'enterprise', 'enterprise', 'mobile', 'advertising', 'software', 'software', 'web', 'games_video', 'web', 'games_video', 'web', 'software', 'software', 'software', 'ecommerce', 'software', 'web', 'web', 'web', 'ecommerce', 'other', 'software', 'web', 'games_video', 'mobile', 'advertising', 'other', 'web', 'web', 'software', 'software', 'other', 'search', 'mobile', 'games_video', 'games_video', 'games_video', 'games_video', 'other', 'web', 'web', 'network_hosting', 'web', 'games_video', 'web', 'ecommerce', 'advertising', 'network_hosting', 'biotech', 'cleantech', 'web', 'network_hosting', 'web', 'web', 'web', 'advertising']"
2012,5cd52f5440b61af8a9809ef0,games_video,New York,2007,"{'type': 'Point', 'coordinates': [-74.005398, 40.7166822]}",40.7166822,-74.005398,Pilotlite,5.0,357,4581.913488764585,"['games_video', 'web', 'other', 'ecommerce', 'games_video', 'software', 'web', 'ecommerce', 'web', 'software', 'advertising', 'public_relations', 'consulting', 'advertising', 'web', 'web', 'advertising', 'enterprise', 'games_video', 'ecommerce', 'web', 'games_video', 'public_relations', 'software', 'mobile', 'software', 'software', 'web', 'games_video', 'software', 'web', 'advertising', 'security', 'other', 'web', 'web', 'software', 'advertising', 'other', 'enterprise', 'search', 'search', 'web', 'web', 'web', 'ecommerce', 'social', 'social', 'web', 'software', 'software', 'web', 'games_video', 'mobile', 'public_relations', 'other', 'mobile', 'public_relations', 'advertising', 'advertising', 'network_hosting', 'enterprise', 'enterprise', 'cleantech', 'ecommerce', 'ecommerce', 'web', 'public_relations', 'web', 'web', 'ecommerce', 'web', 'web', 'cleantech', 'advertising', 'web', 'games_video', 'ecommerce', 'ecommerce', 'web', 'games_video', 'advertising', 'advertising', 'software', 'analytics', 'mobile', 'games_video', 'web', 'web', 'web', 'software', 'public_relations', 'web', 'software', 'other', 'ecommerce', 'games_video', 'web', 'social', 'web', 'consulting', 'web', 'mobile', 'web', 'software', 'games_video', 'web', 'advertising', 'software', 'games_video', 'web', 'web', 'web', 'public_relations', 'other', 'ecommerce', 'ecommerce', 'enterprise', 'public_relations', 'software', 'web', 'web', 'web', 'web', 'software', 'web', 'advertising', 'other', 'cleantech', 'advertising', 'advertising', 'advertising', 'games_video', 'ecommerce', 'ecommerce', 'web', 'software', 'ecommerce', 'advertising', 'web', 'web', 'consulting', 'web', 'web', 'web', 'enterprise', 'web', 'web', 'software', 'web', 'games_video', 'games_video', 'software', 'public_relations', 'games_video', 'web', 'advertising', 'other', 'software', 'games_video', 'games_video', 'web', 'ecommerce', 'advertising', 'consulting', 'advertising', 'advertising', 'advertising', 'ecommerce', 'ecommerce', 'web', 'web', 'software', 'analytics', 'web', 'web', 'software', 'analytics', 'web', 'advertising', 'advertising', 'search', 'web', 'web', 'public_relations', 'web', 'web', 'advertising', 'search', 'security', 'software', 'games_video', 'security', 'web', 'mobile', 'web', 'web', 'web', 'ecommerce', 'consulting', 'games_video', 'games_video', 'games_video', 'advertising', 'web', 'network_hosting', 'games_video', 'consulting', 'web', 'web', 'advertising', 'cleantech', 'enterprise', 'software', 'ecommerce', 'enterprise', 'public_relations', 'ecommerce', 'ecommerce', 'advertising', 'web', 'advertising', 'advertising', 'games_video', 'web', 'enterprise', 'web', 'web', 'web', 'mobile', 'mobile', 'enterprise', 'web', 'software', 'software', 'advertising', 'network_hosting', 'software', 'games_video', 'ecommerce', 'analytics', 'web', 'web', 'web', 'enterprise', 'mobile', 'mobile', 'advertising', 'other', 'mobile', 'games_video', 'web', 'web', 'games_video', 'ecommerce', 'other', 'web', 'advertising', 'web', 'advertising', 'games_video', 'web', 'other', 'web', 'advertising', 'web', 'other', 'web', 'other', 'web', 'public_relations', 'public_relations', 'games_video', 'web', 'public_relations', 'web', 'advertising', 'other', 'games_video', 'web', 'social', 'software', 'software', 'ecommerce', 'web', 'web', 'software', 'web', 'network_hosting', 'web', 'social', 'network_hosting', 'search', 'games_video', 'mobile', 'network_hosting', 'web', 'web', 'games_video', 'web', 'ecommerce', 'web', 'software', 'enterprise', 'mobile', 'advertising', 'software', 'web', 'web', 'games_video', 'web', 'games_video', 'web', 'web', 'software', 'software', 'software', 'software', 'ecommerce', 'web', 'other', 'ecommerce', 'software', 'games_video', 'web', 'mobile', 'web', 'advertising', 'other', 'web', 'search', 'software', 'software', 'other', 'mobile', 'games_video', 'games_video', 'games_video', 'games_video', 'other', 'web', 'ecommerce', 'web', 'web', 'network_hosting', 'games_video', 'web', 'advertising', 'network_hosting', 'biotech', 'cleantech', 'web', 'web', 'network_hosting', 'web', 'advertising', 'web']"
2334,5cd52f5440b61af8a980a032,advertising,New York,2001,"{'type': 'Point', 'coordinates': [-74.001487, 40.720331]}",40.720331,-74.001487,Saffron Brand Consultants,80.0,357,4581.913488764585,"['advertising', 'software', 'web', 'enterprise', 'web', 'web', 'games_video', 'ecommerce', 'games_video', 'web', 'public_relations', 'mobile', 'games_video', 'other', 'web', 'enterprise', 'web', 'web', 'web', 'web', 'other', 'games_video', 'ecommerce', 'web', 'software', 'games_video', 'software', 'advertising', 'other', 'web', 'web', 'ecommerce', 'games_video', 'advertising', 'public_relations', 'social', 'social', 'web', 'ecommerce', 'advertising', 'advertising', 'network_hosting', 'public_relations', 'consulting', 'ecommerce', 'ecommerce', 'advertising', 'web', 'enterprise', 'cleantech', 'web', 'software', 'ecommerce', 'web', 'web', 'web', 'software', 'software', 'public_relations', 'web', 'web', 'security', 'software', 'games_video', 'advertising', 'advertising', 'software', 'search', 'search', 'software', 'analytics', 'software', 'mobile', 'web', 'games_video', 'mobile', 'mobile', 'public_relations', 'web', 'other', 'web', 'advertising', 'web', 'public_relations', 'games_video', 'other', 'ecommerce', 'enterprise', 'cleantech', 'web', 'web', 'consulting', 'games_video', 'web', 'web', 'advertising', 'ecommerce', 'ecommerce', 'software', 'web', 'web', 'social', 'advertising', 'software', 'mobile', 'games_video', 'games_video', 'other', 'web', 'public_relations', 'ecommerce', 'ecommerce', 'web', 'web', 'web', 'software', 'public_relations', 'enterprise', 'web', 'web', 'web', 'web', 'software', 'other', 'advertising', 'web', 'software', 'advertising', 'advertising', 'advertising', 'games_video', 'software', 'ecommerce', 'ecommerce', 'cleantech', 'advertising', 'web', 'consulting', 'web', 'web', 'web', 'web', 'web', 'software', 'web', 'enterprise', 'web', 'software', 'public_relations', 'software', 'games_video', 'advertising', 'other', 'web', 'games_video', 'games_video', 'software', 'ecommerce', 'web', 'advertising', 'advertising', 'advertising', 'advertising', 'ecommerce', 'ecommerce', 'web', 'games_video', 'games_video', 'consulting', 'web', 'web', 'web', 'software', 'analytics', 'web', 'analytics', 'software', 'web', 'advertising', 'ecommerce', 'search', 'advertising', 'public_relations', 'web', 'web', 'web', 'advertising', 'search', 'web', 'software', 'games_video', 'security', 'web', 'mobile', 'security', 'web', 'web', 'web', 'ecommerce', 'consulting', 'games_video', 'consulting', 'advertising', 'network_hosting', 'games_video', 'web', 'web', 'cleantech', 'enterprise', 'games_video', 'games_video', 'ecommerce', 'advertising', 'software', 'enterprise', 'advertising', 'public_relations', 'web', 'advertising', 'advertising', 'web', 'web', 'games_video', 'mobile', 'mobile', 'web', 'software', 'advertising', 'software', 'web', 'ecommerce', 'ecommerce', 'network_hosting', 'enterprise', 'software', 'web', 'web', 'games_video', 'web', 'ecommerce', 'analytics', 'enterprise', 'web', 'web', 'mobile', 'mobile', 'advertising', 'mobile', 'web', 'web', 'games_video', 'web', 'web', 'advertising', 'ecommerce', 'advertising', 'games_video', 'games_video', 'web', 'other', 'web', 'other', 'advertising', 'web', 'other', 'other', 'web', 'other', 'web', 'public_relations', 'public_relations', 'games_video', 'web', 'public_relations', 'games_video', 'web', 'other', 'advertising', 'web', 'social', 'software', 'ecommerce', 'network_hosting', 'software', 'social', 'network_hosting', 'search', 'games_video', 'mobile', 'web', 'web', 'web', 'games_video', 'web', 'web', 'web', 'software', 'ecommerce', 'network_hosting', 'web', 'web', 'enterprise', 'software', 'mobile', 'advertising', 'software', 'web', 'enterprise', 'games_video', 'web', 'games_video', 'web', 'software', 'software', 'ecommerce', 'software', 'software', 'web', 'ecommerce', 'other', 'software', 'web', 'games_video', 'web', 'web', 'mobile', 'advertising', 'other', 'software', 'software', 'other', 'web', 'mobile', 'games_video', 'games_video', 'games_video', 'web', 'games_video', 'search', 'other', 'web', 'web', 'web', 'games_video', 'network_hosting', 'web', 'advertising', 'ecommerce', 'network_hosting', 'biotech', 'cleantech', 'network_hosting', 'web', 'web', 'web', 'web', 'advertising']"
2364,5cd52f5440b61af8a980a050,ecommerce,New York,2008,"{'type': 'Point', 'coordinates': [-74.004602, 40.718177]}",40.718177,-74.004602,Digital Bloom,5.0,357,4581.913488764586,"['ecommerce', 'games_video', 'games_video', 'web', 'software', 'web', 'other', 'advertising', 'web', 'web', 'software', 'web', 'ecommerce', 'enterprise', 'games_video', 'advertising', 'public_relations', 'ecommerce', 'web', 'consulting', 'games_video', 'public_relations', 'advertising', 'mobile', 'web', 'games_video', 'software', 'other', 'web', 'advertising', 'other', 'advertising', 'enterprise', 'web', 'web', 'web', 'software', 'social', 'social', 'ecommerce', 'web', 'web', 'games_video', 'software', 'software', 'web', 'web', 'public_relations', 'security', 'software', 'advertising', 'network_hosting', 'search', 'search', 'software', 'software', 'enterprise', 'ecommerce', 'ecommerce', 'cleantech', 'mobile', 'public_relations', 'other', 'web', 'mobile', 'public_relations', 'advertising', 'web', 'web', 'ecommerce', 'web', 'enterprise', 'web', 'games_video', 'advertising', 'advertising', 'software', 'analytics', 'web', 'cleantech', 'mobile', 'web', 'games_video', 'web', 'advertising', 'games_video', 'ecommerce', 'ecommerce', 'web', 'web', 'public_relations', 'web', 'other', 'ecommerce', 'games_video', 'software', 'web', 'web', 'social', 'consulting', 'software', 'mobile', 'web', 'web', 'software', 'web', 'advertising', 'software', 'games_video', 'web', 'web', 'web', 'games_video', 'public_relations', 'ecommerce', 'ecommerce', 'other', 'enterprise', 'public_relations', 'software', 'web', 'web', 'web', 'web', 'software', 'web', 'advertising', 'other', 'cleantech', 'advertising', 'advertising', 'advertising', 'games_video', 'ecommerce', 'ecommerce', 'software', 'web', 'advertising', 'web', 'web', 'consulting', 'web', 'web', 'web', 'enterprise', 'web', 'software', 'web', 'software', 'public_relations', 'ecommerce', 'games_video', 'web', 'games_video', 'games_video', 'web', 'advertising', 'other', 'software', 'games_video', 'games_video', 'ecommerce', 'web', 'advertising', 'consulting', 'advertising', 'advertising', 'advertising', 'ecommerce', 'ecommerce', 'web', 'web', 'software', 'analytics', 'web', 'web', 'software', 'analytics', 'web', 'advertising', 'advertising', 'search', 'web', 'web', 'public_relations', 'web', 'web', 'advertising', 'search', 'software', 'security', 'games_video', 'security', 'web', 'mobile', 'web', 'web', 'web', 'ecommerce', 'consulting', 'advertising', 'games_video', 'network_hosting', 'games_video', 'consulting', 'web', 'web', 'games_video', 'games_video', 'cleantech', 'advertising', 'enterprise', 'web', 'software', 'ecommerce', 'enterprise', 'public_relations', 'advertising', 'web', 'advertising', 'games_video', 'web', 'advertising', 'web', 'mobile', 'mobile', 'ecommerce', 'ecommerce', 'enterprise', 'web', 'software', 'software', 'network_hosting', 'advertising', 'software', 'games_video', 'web', 'web', 'ecommerce', 'analytics', 'web', 'web', 'web', 'enterprise', 'mobile', 'mobile', 'other', 'advertising', 'games_video', 'web', 'other', 'web', 'games_video', 'advertising', 'web', 'other', 'web', 'other', 'web', 'advertising', 'mobile', 'web', 'web', 'games_video', 'web', 'advertising', 'ecommerce', 'web', 'other', 'public_relations', 'public_relations', 'games_video', 'web', 'enterprise', 'public_relations', 'advertising', 'other', 'games_video', 'web', 'web', 'social', 'network_hosting', 'web', 'social', 'web', 'network_hosting', 'mobile', 'web', 'web', 'games_video', 'software', 'network_hosting', 'ecommerce', 'software', 'web', 'search', 'games_video', 'web', 'web', 'software', 'ecommerce', 'web', 'software', 'enterprise', 'mobile', 'advertising', 'software', 'web', 'games_video', 'web', 'web', 'games_video', 'web', 'web', 'software', 'software', 'software', 'ecommerce', 'software', 'web', 'other', 'ecommerce', 'software', 'games_video', 'web', 'mobile', 'advertising', 'other', 'web', 'web', 'search', 'software', 'software', 'other', 'mobile', 'games_video', 'games_video', 'games_video', 'games_video', 'other', 'web', 'web', 'web', 'games_video', 'network_hosting', 'web', 'ecommerce', 'advertising', 'network_hosting', 'biotech', 'cleantech', 'web', 'network_hosting', 'web', 'web', 'advertising', 'web']"
2494,5cd52f5440b61af8a980a0d2,other,New York,2006,"{'type': 'Point', 'coordinates': [-74.005897, 40.715145]}",40.715145,-74.005897,Solidea,50.0,357,4581.913488764585,"['web', 'other', 'software', 'ecommerce', 'web', 'games_video', 'public_relations', 'consulting', 'ecommerce', 'games_video', 'advertising', 'advertising', 'web', 'software', 'advertising', 'web', 'web', 'enterprise', 'games_video', 'software', 'software', 'web', 'software', 'security', 'software', 'web', 'ecommerce', 'search', 'search', 'software', 'games_video', 'web', 'software', 'public_relations', 'mobile', 'mobile', 'web', 'public_relations', 'games_video', 'software', 'other', 'mobile', 'advertising', 'other', 'web', 'advertising', 'enterprise', 'advertising', 'other', 'web', 'web', 'web', 'ecommerce', 'social', 'social', 'web', 'enterprise', 'web', 'games_video', 'public_relations', 'network_hosting', 'advertising', 'enterprise', 'cleantech', 'ecommerce', 'ecommerce', 'web', 'cleantech', 'web', 'public_relations', 'advertising', 'web', 'web', 'web', 'ecommerce', 'ecommerce', 'games_video', 'ecommerce', 'web', 'web', 'games_video', 'software', 'advertising', 'advertising', 'software', 'games_video', 'analytics', 'mobile', 'web', 'software', 'web', 'web', 'public_relations', 'web', 'other', 'ecommerce', 'games_video', 'web', 'social', 'web', 'consulting', 'web', 'mobile', 'games_video', 'web', 'software', 'web', 'advertising', 'software', 'games_video', 'web', 'ecommerce', 'web', 'web', 'other', 'public_relations', 'ecommerce', 'ecommerce', 'enterprise', 'public_relations', 'software', 'web', 'web', 'web', 'web', 'software', 'web', 'advertising', 'other', 'cleantech', 'advertising', 'advertising', 'advertising', 'games_video', 'ecommerce', 'ecommerce', 'web', 'software', 'advertising', 'web', 'consulting', 'web', 'web', 'web', 'web', 'web', 'enterprise', 'web', 'software', 'games_video', 'web', 'games_video', 'software', 'public_relations', 'games_video', 'advertising', 'web', 'other', 'software', 'games_video', 'games_video', 'web', 'ecommerce', 'advertising', 'consulting', 'advertising', 'advertising', 'advertising', 'ecommerce', 'ecommerce', 'web', 'web', 'software', 'web', 'analytics', 'web', 'analytics', 'software', 'web', 'advertising', 'advertising', 'search', 'web', 'web', 'public_relations', 'web', 'advertising', 'web', 'search', 'security', 'software', 'games_video', 'security', 'web', 'games_video', 'games_video', 'games_video', 'mobile', 'web', 'web', 'web', 'web', 'ecommerce', 'consulting', 'enterprise', 'advertising', 'games_video', 'network_hosting', 'consulting', 'web', 'web', 'advertising', 'ecommerce', 'ecommerce', 'cleantech', 'enterprise', 'software', 'ecommerce', 'enterprise', 'public_relations', 'web', 'advertising', 'advertising', 'web', 'web', 'advertising', 'games_video', 'web', 'web', 'mobile', 'mobile', 'enterprise', 'web', 'software', 'advertising', 'software', 'software', 'network_hosting', 'games_video', 'ecommerce', 'analytics', 'web', 'web', 'web', 'enterprise', 'mobile', 'mobile', 'advertising', 'web', 'ecommerce', 'other', 'web', 'other', 'web', 'advertising', 'web', 'web', 'games_video', 'web', 'mobile', 'other', 'other', 'advertising', 'games_video', 'web', 'advertising', 'games_video', 'web', 'other', 'web', 'public_relations', 'public_relations', 'games_video', 'web', 'web', 'public_relations', 'advertising', 'other', 'games_video', 'web', 'social', 'software', 'web', 'web', 'web', 'web', 'web', 'software', 'network_hosting', 'games_video', 'web', 'network_hosting', 'social', 'web', 'ecommerce', 'network_hosting', 'web', 'mobile', 'search', 'games_video', 'software', 'ecommerce', 'web', 'software', 'enterprise', 'mobile', 'advertising', 'software', 'web', 'web', 'games_video', 'web', 'web', 'games_video', 'software', 'software', 'software', 'ecommerce', 'software', 'web', 'web', 'other', 'web', 'ecommerce', 'search', 'software', 'web', 'games_video', 'mobile', 'advertising', 'other', 'software', 'software', 'other', 'mobile', 'games_video', 'games_video', 'games_video', 'games_video', 'ecommerce', 'other', 'web', 'web', 'network_hosting', 'web', 'games_video', 'web', 'advertising', 'network_hosting', 'web', 'biotech', 'cleantech', 'web', 'advertising', 'network_hosting', 'web', 'web']"
2744,5cd52f5440b61af8a980a1cc,enterprise,New York,2006,"{'type': 'Point', 'coordinates': [-73.9986592, 40.7196275]}",40.7196275,-73.9986592,Harvest,,357,4581.913488764585,"['enterprise', 'software', 'web', 'advertising', 'public_relations', 'games_video', 'games_video', 'other', 'web', 'web', 'ecommerce', 'web', 'web', 'enterprise', 'mobile', 'web', 'games_video', 'web', 'web', 'web', 'games_video', 'other', 'web', 'network_hosting', 'software', 'public_relations', 'ecommerce', 'advertising', 'web', 'games_video', 'web', 'ecommerce', 'other', 'advertising', 'games_video', 'software', 'social', 'social', 'advertising', 'ecommerce', 'ecommerce', 'web', 'advertising', 'consulting', 'ecommerce', 'public_relations', 'web', 'advertising', 'web', 'web', 'ecommerce', 'web', 'web', 'enterprise', 'software', 'software', 'cleantech', 'games_video', 'software', 'web', 'advertising', 'web', 'software', 'games_video', 'advertising', 'public_relations', 'analytics', 'security', 'software', 'web', 'mobile', 'software', 'search', 'search', 'software', 'mobile', 'mobile', 'web', 'web', 'public_relations', 'games_video', 'other', 'cleantech', 'web', 'advertising', 'web', 'advertising', 'ecommerce', 'ecommerce', 'games_video', 'games_video', 'other', 'ecommerce', 'web', 'web', 'consulting', 'web', 'enterprise', 'public_relations', 'software', 'software', 'web', 'advertising', 'software', 'other', 'games_video', 'software', 'other', 'public_relations', 'ecommerce', 'ecommerce', 'web', 'public_relations', 'web', 'web', 'web', 'mobile', 'enterprise', 'social', 'web', 'software', 'web', 'web', 'advertising', 'web', 'web', 'web', 'software', 'advertising', 'advertising', 'games_video', 'advertising', 'ecommerce', 'ecommerce', 'consulting', 'web', 'web', 'web', 'advertising', 'web', 'enterprise', 'cleantech', 'web', 'web', 'web', 'web', 'software', 'public_relations', 'advertising', 'software', 'games_video', 'games_video', 'games_video', 'other', 'software', 'web', 'web', 'ecommerce', 'software', 'advertising', 'advertising', 'advertising', 'advertising', 'ecommerce', 'ecommerce', 'web', 'web', 'consulting', 'web', 'ecommerce', 'analytics', 'web', 'software', 'analytics', 'games_video', 'web', 'games_video', 'advertising', 'search', 'software', 'web', 'web', 'advertising', 'search', 'web', 'software', 'public_relations', 'advertising', 'web', 'web', 'games_video', 'security', 'mobile', 'web', 'games_video', 'ecommerce', 'web', 'consulting', 'web', 'games_video', 'games_video', 'web', 'security', 'web', 'games_video', 'consulting', 'network_hosting', 'advertising', 'enterprise', 'ecommerce', 'cleantech', 'ecommerce', 'ecommerce', 'web', 'web', 'advertising', 'enterprise', 'web', 'web', 'software', 'advertising', 'public_relations', 'mobile', 'mobile', 'web', 'web', 'advertising', 'advertising', 'software', 'advertising', 'software', 'web', 'games_video', 'network_hosting', 'games_video', 'web', 'software', 'web', 'enterprise', 'analytics', 'enterprise', 'web', 'web', 'ecommerce', 'mobile', 'mobile', 'web', 'games_video', 'advertising', 'web', 'other', 'web', 'other', 'web', 'advertising', 'mobile', 'web', 'games_video', 'web', 'advertising', 'ecommerce', 'web', 'other', 'other', 'advertising', 'games_video', 'games_video', 'web', 'other', 'web', 'web', 'web', 'public_relations', 'public_relations', 'public_relations', 'games_video', 'software', 'ecommerce', 'other', 'web', 'social', 'web', 'advertising', 'software', 'network_hosting', 'web', 'web', 'games_video', 'social', 'network_hosting', 'search', 'mobile', 'network_hosting', 'web', 'games_video', 'web', 'web', 'web', 'web', 'software', 'ecommerce', 'software', 'mobile', 'advertising', 'enterprise', 'web', 'games_video', 'software', 'enterprise', 'games_video', 'web', 'web', 'software', 'software', 'ecommerce', 'software', 'software', 'web', 'ecommerce', 'web', 'web', 'software', 'other', 'web', 'games_video', 'other', 'mobile', 'advertising', 'web', 'software', 'software', 'other', 'games_video', 'games_video', 'games_video', 'mobile', 'web', 'search', 'games_video', 'other', 'web', 'web', 'network_hosting', 'web', 'web', 'games_video', 'ecommerce', 'advertising', 'network_hosting', 'biotech', 'cleantech', 'network_hosting', 'web', 'web', 'web', 'advertising', 'web']"
