Swimming,972
Surfing,904
Fishing,414
Spearfishing,321
Wading,144
Diving,123
Standing,97
Snorkeling,77
Scuba diving,74
Body boarding,54
Body surfing,48
Swimming ,47
Pearl diving,32
Treading water,32
Kayaking,28
Boogie boarding,28
Free diving,26
Fell overboard,21
Windsurfing,18
Boogie Boarding,16
Shark fishing,15
Walking,15
Fishing ,12
Surf-skiing,12
Surf skiing,12
Floating,12
Canoeing,12
Rowing,12
Surf fishing,11
Fishing for sharks,11
Kayak Fishing,10
Freediving,10
Sponge diving,10
Diving for trochus,9
Sailing,9
Sitting on surfboard,9
Sea disaster,8
Fell into the water,8
Floating on his back,7
Free diving for abalone,7
Paddle boarding,7
Skindiving,7
Spearfishing ,7
Boating,7
Surfing (sitting on his board),7
Diving for abalone,7
Playing,7
Spearfishing on Scuba,6
Fishing for mackerel,6
Kite Surfing,6
Surf skiing ,6
Murder,6
Sea Disaster,6
Freedom swimming,5
Paddleskiing,5
Fishing on a boat,5
Hard hat diving,5
Shipwreck,5
Dangling feet in the water,5
Boat,5
Jumping,4
Body-boarding,4
Fishing boat,4
Freedom Swimming,4
Stand-Up Paddleboarding,4
Splashing,4
Scuba diving (but on surface),4
Wade Fishing,4
Paddling on surfboard,4
Spearfishing / free diving,4
Skin diving,4
Clamming,4
Jumped into the water,4
Scuba diving (submerged),4
Seine netting,4
Lifesaving drill,4
Diving for coins,4
Scuba Diving,3
Playing in the surf,3
SCUBA diving,3
Scuba diving for abalone,3
Escaping from Alacatraz,3
Crabbing,3
Jumped overboard,3
Free diving & spearfishing,3
Fishing for snapper,3
Standing in knee-deep water,3
Tagging sharks,3
Wade fishing,3
Feeding fish,3
"Surfing, paddling seawards",3
Shell diving,3
Competing in the Woodvale Atlantic Rowing Race,3
Body Boarding,3
.,3
Surfing ,3
boat capsized,3
Kayaking / Fishing,3
Crayfishing,3
"Their 9 m launch was run down by a 25,000-ton Japanese freighter  on the night of 3-11-1977 & they drifted, clinging to an icebox for 2 days",3
Fishing for kob,3
Sculling,3
Fishing for bluefish,3
Boat swamped,3
Wreck of the schooner Pohoiki ,3
Wade-fishing,3
Unknown,3
Spearing fish,3
Shark watching,3
Sitting on gunwale of boat,3
Kite surfing,3
Floating on a raft,3
Spearfishing (free diving),3
Spearfishing / Scuba diving (at surface),3
Walking out of the water after surfing,3
Hookah diving for abalone,3
Diving ,3
Diving for sponges,3
Netting shrimp,2
Hoisting shark aboard fishing boat,2
Diving from canoe,2
Air disaster,2
Kite boarding,2
Shark diving,2
"Swimming, ducking for shells in water 0.9 m deep",2
Boat with 5 men capsized while returning to the Amerique,2
Kite Boarding,2
Diving around anchored liner,2
Bathing in river,2
Jumped overboard ,2
Diving into water,2
Diving?,2
Diving for crayfish,2
Standing ,2
Teasing a shark,2
Air Disaster,2
Shooting sharks ,2
"Boat capsized, swimming ashore",2
Surfing (lying prone on his board),2
Suicide,2
Swimming / snorkeling,2
Five men on makeshift raft after their 10 m fishing boat  capsized and sank in rough seas. Survivors rescued after  7.5 hours in the water,2
Floating on back,2
Free-diving,2
Diving for lobsters,2
fishing boat exploded & sank,2
Diving off jetty,2
Swimming or surfing,2
Scuba diving & spearfishing,2
"Free diving, Spearfishing",2
Rowing ,2
Kitesurfing,2
Spearfishing / Free diving,2
Swimming after his hat,2
Paddling,2
Swimming from the New Venture ,2
Dived for a coin,2
Beach seine netting,2
Swimming / Wading,2
Transatlantic Rowing,2
Floating in inner tube,2
Fishing from surf ski,2
Swimming ashore from capsized boat,2
Diving for beche-de-mer ,2
Washing,2
Fishing (Seining),2
Fishing for prawns,2
Standing in waist-deep water,2
Launching rowboat through the surf,2
"""Flying Tiger"" transport plane went down with 5 men onboard",2
Sitting in the water,2
Fishing for whiting,2
U.S. Airforce C124 enroute from Hickham Air Base to Japan went down. The 3 survivors fashioned raft from mailbags  & were rescued 3 days after the crash.,2
Spearfishing Competition,2
Bathing ,2
HMAS Parramatta torpedoed & sunk by the U-559,2
Ocean racing,2
Kayak fishing,2
Diving for trochus shell,2
Body surfing / treading water,2
Washing his feet,2
"Surfing, collided with shark",2
Kayaking ,2
Fishing for lobsters,2
Swimming alongside NOAA research vessel Discoverer,2
Fishing for cod,2
Kiteboarding,2
Thrown overboard,2
Shark tagging,2
Sitting in shallows,2
Collecting shells,2
Splashing ,2
Attempting to kill a shark with explosives,2
Aircraft crashed into sea,2
Cruising,2
"The Christie V sank on 11/6/1988, survivors were adrift on a dinghy",2
Diving for beche-de-mer,2
Standing / Surfing,2
Hookah diving for sea urchins,2
Playing in the water,2
Fishing for tuna,2
Spearfishing / Scuba diving,2
Free diving / Spearfishing,2
Spearfishing using Scuba,2
Knocked overboard,2
Jet skiing,2
Swimming near jetty,2
"S2N Navy scout plane went down, E.H. Almond & Lieut A.G. Reading in water",2
Free diving / spearfishing,2
Swimming / escaping imprisonment ,2
Fishing for squid,2
Finning the shark that bit him,2
"3,909-ton Panamanian freighter Chieh Lee sank in a typhoon",1
Fishing for the shark that killed George Lundberg,1
Diving for trepang,1
Surfing amid a shoal of sharks,1
Splashing in water ,1
The cutter yacht Cutty Sark sank,1
U.S. Airforce crewman reported missing after bailing out of jet,1
Floating on his back in an inner tube,1
Adrift on life raft,1
Picking up shark by the tail,1
"Sailing from Gingood, Misamis Oriental to Sagay (normally a 2-day voyage) capsized with 6 on board, three men were taken by sharks when they attempted to swim to shore.",1
"Fishing, sitting in stern of small boat, feet dangling in the water",1
In waist-deep water,1
Japanese POW ship Arisan Maru with 1800 American prisoners of war on board bound for slave labor camps was torpedoed by an American submarine,1
"Fishing from launch, fell into net with shark",1
Fishing trawler Flavio Gioia ,1
Wading or swimming,1
Wading?,1
Standing on ship deck,1
SS Ethel Skakel foundered in Central America Hurricane of 1941,1
Swimming near canoe,1
Body surfing ,1
"Swimming, naked",1
"Fishing from rocks, swept out to sea by large wave & treading water",1
USS Johnston DD 557 sunk on 10/24/1944 in the Battle off Samara. Crewmen were swimming beside a raft.,1
Swimming from capsized pirogue,1
Jumped overboard while intoxicated,1
Ship Mariston torpedoed & sunk,1
Floating on an inflatable raft,1
Swimming to mail boat,1
Wreck of the tug Magellan,1
B-24 aircraft crashed  into the sea,1
Skindiving for specimens,1
"Surfing, paddling shorewards",1
Bodyboarding,1
Washed into sea while picking opihi & attacked by 2 large sharks ,1
Surfing & dangling foot in water amid baitfish,1
"Fishing, standing in 2' of water",1
"Fishing, walking in river to cast",1
Rowing an inflatable dinghy,1
Surfing (or sailboarding),1
"Fishing, trying to catch the end of his fishing line",1
A junk foundered,1
Washing his pig in preparation for a religious ceremony,1
Painting a ship,1
Scuba diving at seal colony,1
Dragging stranded shark into deeper water,1
Survived crash of two-engine  C-46 transport plane carrying 62 migrant workers from Puerto Rico to USA ,1
Fishing for basking sharks,1
"Inebriated, woke from sleep and fell off deck into the water ",1
"Competing in U/W endurance record, standing beside drum in 10' of water",1
"Free diving / spearfishing, ",1
"Fishing, shark caught in his net",1
Helping men land a shark,1
Netting sharks,1
Being pulled to shore from wreck of 25-ton fishing vessel Alan S,1
Attempting to drive shark from area,1
Conducting a promotional film project for the Gemini space program (a practice astronaut recovery),1
Diving for coins thrown from ship S.S. Moeraki,1
Floating face-down in knee-deep water,1
Gathering fish stunned by dynamite,1
"Disappeared 11 days earlier, probable homicide victim",1
Swimming (lead swimmer in race),1
Sinking of the dredge World Atlas,1
Walking in shallows,1
Leicester abandoned in a hurricane,1
Parachuted from balloon,1
ship William Penn grounded & broke apart,1
S2F-1 airplane crashed immediately after carrier take-off,1
Attempting to free the shark,1
Free diving / Spearfishingat edge of reef,1
Sinking of the ferryboat Bongbong 1,1
canoeing,1
"""Riding waves on a board""",1
"Boat, with 42 passengers onboard, capsized in rough seas",1
"Standing, holding shark pup",1
Surf-fishing,1
Fishing from a small boat & put his hand in the water while holding a dead fish,1
"""Swimming vigorously""",1
Abandoning burning ship Captain George in raging seas,1
"Zosimo & his son, Jeffrey Popa, failed to return from overnight fishing trip in a 14' boat, Boat apparently sank, debris recovered but his son & boat were never found",1
Attaching a line at sea,1
Collecting dynamited fish,1
Helping angler land a shark,1
cargo ship Southern Isle sank at 04h00,1
Diving alongsidethe steamship Ranelagh ,1
Washed overboard by swell,1
Playing / standing,1
Portuguese Airliner with 9 people aboard went down. ,1
Jumped overboard after murdering 2 shipmates,1
"Free diving, hunting crayfish",1
Taken as he dived into the water,1
Air disaster: crash of Air France Super Constellation ,1
"During ""an exhibition"" he was tied in sack & thrown overboard ",1
Swimming to retrieve a flannel,1
40' fishing boat sank,1
Searching for remains of  Dr. Marais,1
Filming 5' blue shark,1
Rolled off raft,1
Attempting to rescue woman seized by shark,1
Standing in inner tube,1
Adrift in a life jacket,1
Washing sand off a speared fish,1
Boat capsized,1
He was fighting a shark when his boat capsized & he disappeared,1
"Spearfishing with Joe Turner (24). Shark attracted to speared halibut on belt of one diver, tried to bite Ides speargun & he shot it in the mouth",1
Fell overboard  from the Taiwanese fishing trawler Lien Cheng Feu ,1
Lying prone on surfboard,1
Wreck of the steamship Birkenhead,1
Surfing with dolphins,1
Fell off surf ski,1
Murdered,1
Wreck of the 1308-ton Norwegian ship Auckland,1
Walking on reef,1
Removing shark from a trap,1
"Swimming, when caught in heavy seas",1
Swimming / Body Surfing,1
Fishing (Drowned 2-Apr-2002),1
The Ward liner Esperanza stranded during a gale & she leapt overboard to rescue her dog which had been swept overboard.,1
Dry shelling,1
Japanese freighter Bokuyo Maru burned & sank,1
"Ditched aircraft, 3 men in the water. Swam for 31 hours",1
Setting crayfish pots,1
"Fishing, removing the shark from his line",1
Attempting to catch a crocodile,1
Fishing with hand line tied to wrist & was pulled into the water,1
Swimming with goggles,1
"Free diving, carrying speargun",1
Schooner sank during a storm,1
43-ton schooner Irene capsized & sank,1
wreck of the State Oil Company ship Permina,1
Free diving & spearfishing ,1
Placed hand in disemboweled sharks jaws,1
Attempting to set underwater endurance record,1
Sea disaster : Wreck of the Taiaroa,1
Fell oveboard,1
Paddle-boarding,1
"Fishing, slipped on rocks & fell into sea",1
Fell off surfboard 20' from shore,1
"Scuba diving, but swimming on surface",1
Swimming along a row of nets,1
Dragging banana seeds through the shallows,1
"Sea Disaster, sinking of the fishing  launch Mavis",1
Fishing - 'tag & release',1
"Surfing, fell off surfboard",1
"Swimming, towing surfboard",1
"Fishing, hauling in a set line",1
Fishing for perch,1
Surf bathing,1
Bottom fishing for lingcod & had hooked a fish,1
Ascending from a dive,1
Attempting to rescue crew after whale upset their boat,1
"Body surfing, stood up on sandbar",1
Went to aid of child being menaced by the shark,1
Air/Sea Disaster,1
"Steamer Durao struck rock & filled, boats capsized, passengers & crew tried to swim to shore",1
ship M.V. Rizal sank during typhoon,1
"C47 aircraft carrying 5,000 lbs of ice ditched in the sea",1
Wreck / Technical diving,1
"Fishing from boat, Kaimamla",1
Traveling by boat,1
"Spearfishing, but walking carrying fish on end of speargun",1
Removing hook from shark,1
"Fishing, speared shark upset canoe & man fell in water",1
Rescuing,1
Oystering,1
Swimming to shore from boat or kayak,1
Fishing for white sharks,1
Sailing on catamaran & fell into the water,1
pêcheur de bichiques,1
Treading water while alongside capsized yacht,1
"Freediving, inspecting Kaunakakai wharf construction after blasting & dredging ",1
Holding shark on leader & dangling it above the water,1
Fishing / standing in waist deep water,1
Went over side of boat at trochus ground,1
Commercial Salvage Diving,1
The troopship Britannia was sunk by the German raider Thor,1
Swimming ashore from fishing boat swamped and sunk by a squall,1
Yacht of Michael Howell capsized,1
Scuba Diving for lobster (at surface),1
Diving / UW photography,1
Scurfing (surfboard being  towed behind a boat),1
Scuba diving (ascending using scooter),1
Fell overboard from USS cruiser Tacoma,1
Resting on surfboard,1
Swimming underwater from crayfish cage to a fishing bait,1
Swimming in fish tank,1
"Surfing on ""chest board"" (boogie board?)",1
Removing fish from a trap,1
Sinking of the 40' Esperanza off St. Maartin with 36 refugees on board,1
Splashing / wading,1
Scuba diving in aquarium tank,1
M.V. Tropical sank. Sole survivor rode oil drums for 8 days without food or water.,1
Walking in chest-deep water,1
Adrift on raft,1
"Diving. Shark swallowed his hand, so he threw his other around the shark and went shark-back riding for 30 yards until the shark opened its jaws",1
Bather,1
Paddling a surfboat,1
Spearfishing (but on surface),1
Fishing?,1
"A 75-ton  Japanese fishing ship was sunk by  Chinese Nationalist gunboat, shipwrecked men were clinging to debris",1
Conducting research,1
USS Hoel DD 533 sunk on 10/24/1944 in the Battle off Samar. 2 crewmen were swimmng alongside a floater net &,1
Fishing (trolling)  from canoe,1
Carrying a supposedly dead shark by its mouth,1
Bathing or body surfing ,1
Fell or jumped overboard from the liner Rhynland,1
Fishing in shoulder-deep water,1
Aircraft exploded,1
Landing hooked shark in boat,1
boat from the Austrian ship Elizabeth,1
Paddling on surfboard or body board,1
Sea Disaster Sinking of ferryboat Christina,1
Swimming & snorkeling,1
"16' catamaran capsized previous night, occupants stayed with wreckage until morning, then attempted to swim ashore",1
Killing a shark,1
"Surfing, but standing in water alongside board",1
Fishingat,1
Swimming back from anchored sailboat,1
"Free diving / spearfishing, from paddleboard & floating on the surface",1
Attacked shark with fists,1
"Pearl diving, but standing in the water",1
Sittting in water with his child,1
"Surfing, but lying prone on his board",1
On inflatable raft,1
"Checking fish traps, fell into the water",1
Fly fishing,1
The inter-island ferry Vula sank in heavy weather,1
Swimming with fish attached to  belt,1
Dynamiting fish,1
Dived into the water,1
"Returning to shore, collided with shark",1
"Fishing, holding fish in right hand",1
Swimming to avoid capture,1
Wreck of  large double sailing canoe,1
Fell overboard from P&O steamship Arabia,1
National Airlines DC7B enroute from Miami to Los Angeles with 42 or 46 people on board went down in heavy fog,1
Swimming after being washed overboard,1
Attempted to return injured shark to the sea,1
Crouching in 2' of water,1
bathing ,1
Competing in a light tackle game fishing,1
Kite-Boarding,1
Swimming to shore after a squall  capsized their motorized shark fishing boat,1
Ditched plane in the sea & were adrift on a rubber life raft. ,1
Attempting to land a boat from the Hinemoa,1
Hunting crayfish,1
Fell overboard while fishing for sharks,1
Swimming to shore with floatioon devices after boat engine conked out,1
"Spearfishing, speared a small shark",1
Diving by wharf,1
Collecting fish from net,1
"Netting menhaden, sharks caught in net",1
Fell into water while attempting to boat a swordfish,1
"Fishing, two large sharks passed. He speared one and it bit him",1
"Seining for bait, standing in chest-deep water",1
"90 European civilians, many women & children, were placed on the deck of a Japanese submarine that submerged when it was well offshore",1
"Diving, photographing sharks",1
Fell overboard from US Navy PC boat,1
Fishing in waist-deep water,1
Hunting crayfish ,1
Sinking of the ferryboat      Don Juan,1
Fishing / diving,1
"Spearfishing, shot shark, hauled it onto boat",1
"Explosion destroyed 28' boat, survivors in the water ",1
Diving for pearls,1
Shark fishing on the Don Agustín-VI. ,1
"Fishing, standing in water next to purse net",1
"Swimming, caught in strong backwash & disappeared",1
14 m prawn trawler New Venture capsized  & sank in heavy seas Three people in the water,1
Diving for beche-de-mer from lugger,1
Fell overboard & swimming,1
Inspecting teeth of supposedly dead (hooked & shot) shark,1
Sponge divers,1
Wreck of the Sovereign,1
Probabable drowning,1
Kayaking or Wave skiing,1
"Spearfishing, carrying fish on spear",1
Spearfishing using scuba & trailing a string of bleeding fish,1
Taking wife to beach & about 1 m from the shore,1
Pearl diving from lugger Whyalla,1
Collecting crayfish,1
Lost his footing & fell overboard,1
"Surfing, but treading water",1
Diving / Kissing the shark,1
Jumped off surfboard & landed on the shark,1
R5D aircraft went down with 29 on board,1
Fleet of canoes caught by a squall and charged by sharks.,1
Standing on sandbank,1
Esso Bolivar was torpedoed & shelled by the German submarine U-126,1
"Crossing inlet in a boat, seen fighting sharks with his oar, sharks smashed boat",1
Gaffing netted shark,1
Pleasure boating,1
"Sailboarding, fell into water 100 yards outside the breakwater",1
"Spearfishing, holding mesh bag with speared fish",1
Scuba diving ,1
Floating in tube,1
"Fishing, casting in the surf",1
Attempting to escape by swimming to shore,1
Bathing in 2 feet of water,1
Washing horses,1
Lying prone in 2' of water,1
Launching a boat,1
Fishing for white shark,1
"Portuguese seaman fell overboard. Boat lowered to pick up with 1st mate & 4 crew, but done hurriedly & all were thrown into the water. As a second boat was lowered, a shark went after the 1st mate but he was rescued. Then the shark went after Mr. Andrews ",1
Swimming alongside warship   Tsingt-ao,1
Accidentally thrown overboard & treading water while awaiting rescue,1
Washed overboard,1
Diving off wharf,1
Swimming from capsized boat,1
Diving in tuna net,1
Fishing for albacore,1
Bodysurfing,1
Washed overboard from the barque Mary Eady,1
Crew swimming alongside their anchored ship,1
Boat Miss Becky  sank 12 miles from shore,1
"Fishing, standing in waist-deep water",1
Motor launch Baby Princesa capsized with 22 people on board,1
Fishing with a cast net,1
small boat,1
Swimming in waist-deep water ,1
Diving & fishing with net,1
boat from ship Josephine capsized in squall,1
Fishing for snappers & cleaning mullet. Put mullet over side of boat to wash it,1
Spearfishing (but treading water on the surface),1
Put foot inside a landed & supposedly dead shark,1
Chasing shark out of bathing area while riding on a surf-ski,1
Slipped off rocks and fell into the water,1
Wading / Surfing,1
"Days before the surrender of Singapore, the 3 men escaped to Sumatra where they acquired a 17' dinghy. After 125 days at sea they drifted back to Sumatra",1
Cargo ship Dara sank after collision with another ship during a severe storm,1
Rowing toward snapper grounds,1
Swept off deck of S.S.Frontenac enroute from West Indies to US,1
Sleeping in anchored boat,1
Trailing the field in a surf race,1
Swimming after their boat capsized,1
"Overcome by CO fumes, fell overboard from 36' fishing cruiser & prop slashed arm",1
"Hardhat diving from Japanese pearling lugger, Reiyo Maru",1
Paddle-surfing,1
A father bathing his smallest daughter when the shark bumped her out of his arms and carried her into deep water,1
"Fishing, attempted to take a netted shark",1
Exercising his dog in the shallows,1
The 240-ton motor vessel Pilar II with 100 people on board capsized in high winds & rough seas,1
Fell overboard from steamship Rio Grande,1
Scuba diving & feeding fish,1
yachtsman in a zodiac,1
"Swimming, after falling overboard",1
Spearing a shark,1
"Swimming, towing a kayak",1
"Fishing with dynamite, afterwards in water retrieving catch",1
Swimming or wading out  to warn bathers that a shark had been seen,1
Diving in Sharkey's Reef restaurants aquarium,1
Measuring sharks,1
"Wading, knocked down & swept away by large waves",1
Feeling the sharks teeth,1
Finning the shark,1
In rubber dinghy with Captain Eddie Rickenbacker for 21 days. ,1
Dived onto shark from floating stage,1
Standing / fishing,1
"""Boat accident""",1
Freediving for seashells,1
Body surfing & treading water,1
"Swimming, poaching perlemoen",1
Diving for Abalone,1
Abalone diving using Hookah (near calving whales),1
Swimming after falling overboard from the sealing ship Vesper,1
Free diving / modeling,1
 a canoe was pursuing a schooner that had forcibily abducted 5 young girls,1
Attempting to retreive a dinghy,1
The SS Potlach was torpedoed & sunk by the U-153 on 27-Jun-1942. ,1
Swimming beside launch,1
Collecting ornamental fish,1
Swimming ashore after launch capsized,1
Diving from dinghy for trochus shell,1
"When  a deckhand  jumped overboard, McIver dived after him with a rescue line.",1
Bathing or washing,1
Hauling in net with shark in it,1
"Standing, stepped on shark",1
Swimming from fishing boat setting nets,1
Diving & force-feeding the shark,1
Adrift on a 4'  raft for 32 days,1
"The Pacquebot Laconia, enroute to Liverpool with 600 Italian prisoners onboard, was torpedoed by the German submarine  U-156 and only 2 rafts were launched before the ship went down. Unable to board an overcrowded raft, he was swimming.",1
Walking / surfing,1
"Plane crashed in water, men in life raft",1
"Boat capsized, swimming to shore",1
Standing / Wading,1
Crossing the river mouth,1
Anti-sabotage night dive exercise alongside destroyer (Scuba diving),1
Helmet diving,1
Boogie-boarding / swimming,1
Free diving / spearfishing (resting on the surface),1
German raider Kormoran was sunk in an engagement with HMAS Sydney,1
"Boogie boarding, kicked at object in the water",1
"Sea Disaster, sinking of the  SS Vestris",1
Feeding mullet to sharks,1
"Surfing, sitting on board",1
Swimming alongside the schooner Catherine Wilcox,1
"Skindiving,",1
Playing with a frisbee in the shallows,1
Swimming to anchored boat,1
Free diving for shell,1
Swimming from camp,1
"Fishing for yellowtail, Seriola quinqueradiata",1
"Fishing, on charter boat Silver Dollar",1
"Commercial fishing vessel, Ev-nn, struck object & sank. Ken Crosby and  Jame & Ann Dumas adrift on makeshift raft.",1
Diving for sand dollars,1
American cruiser Indianapolis torpedoed & sunk by the Japanese submarine I-58,1
"Dress diving, filming shark & pulling it through the water for a motion picture scene",1
Attempting to rescue drowning man,1
Scuba diving (submerged riding a scooter),1
Scuba diving & filming,1
Diving for sinkers,1
Swimming outside fishing net,1
Hand feeding sharks,1
Playing in knee-deep water,1
"Fishing from dory, shark upset boat & he fell into the water",1
Diving for pen shells,1
Swimming & splashing,1
Harpooned shark,1
Diving off pier & treading water,1
Tech diving ,1
Standing on sandbar,1
Hunting sharks,1
Photographing fish,1
Preparing to fish for jack-mackerel,1
Among 31 survivors of crew from the sampan Fukulya Maru (which reached Thursday Island in rowing boat) was a man whose arm had been bitten off by shark. The sampan wrecked west of McArthur island ,1
Surfing / treading water,1
"Arsinoe, a French tanker",1
Swimming to shore from capsized kayak,1
Collecting marine specimens,1
Adrift after wave swamped engine,1
Argentine Air Force C-54,1
"Free diving for trochus shell, swimming to dinghy",1
"Walking, carrying surfboard & stepped on shark",1
Feeding a shark,1
Fishing (illegally),1
Lying in 2 feet of water,1
Treading for clams,1
Harassing a shark,1
Snorkeling on surface,1
Wreck of the steamship Sultan of Bombay,1
Boat exploded,1
Salvaging a shipwreck,1
Swimming underneath house on pilings,1
Crawling,1
"Pushed surfmat of a young girl out of the shark's path, drawing shark's attention to his own board",1
Dragging a shark,1
SUP Foil boarding,1
Cleaning the side of a ship,1
Floating in creek,1
"Greek steamship Lakonia caught fire, 98 of her 646 passengers, and 30 of her crew of 376 perished",1
Swimming /  Whale Watching,1
Swimming to canoe,1
Removing shark from net,1
Wading with surfboard,1
Defecating in water beneath the docks,1
Motor boat Rebel Belle lost,1
Body surfing or Boogie boarding,1
Swimming / Body surfing,1
Bathing alongside US Naval ship,1
Removing shark from net ,1
Boogie boarding or Surfing,1
Body surfing?,1
Shrimping,1
Wrangling a shark,1
Petting captive sharks,1
The schooner Tahitienne foundered in a hurricane,1
Spearfishing / swimming on surface,1
boat capsized during filming,1
Floating on inner tube after diving for lobster,1
Lying atop surfboard,1
Fisherman,1
Attempting to Kite surf from Egypt to Saudi Arabia,1
Ran into the water,1
Free diving with seals,1
"Bathing near whaling ship (bark A. R. Tucker of New Bedford, Massachusetts)",1
Swimming or boogie boarding,1
"Fishing, hauling in fishing gear",1
Swimming alongside yacht Mexico Fiesta,1
"Hard hat diving, laying some charge of powder",1
"Trochus diving, but floating on surface",1
Washed off freighter Huncliff by a freak wave,1
seaplane Columbus ditched in the sea,1
Wooden fishing boat,1
Spearfishing & holding catch,1
Fishing from dinghy,1
Board sailing,1
Spearfishing & had just speared a ulua,1
Swimming between  anchored  pearling luggers,1
male,1
Towing rubber dinghy,1
Casting a net,1
Surfing / Wading,1
Towing her sister on plastic ski board,1
Surf fishing in waist-deep water,1
Shark fishing on the Ricardo Astorga,1
Swimming along side N.E.L. vessel Saluda,1
Fell overboard ,1
"Canoe swamped, swimming back to canoe",1
Floating on raft,1
Deserting the bark Nazarene,1
"Fishing, holding fish in his left hand",1
Skin diving. Grabbed shark's tail; shark turned & grabbed diver's ankle & began towing him to deep water,1
Testing movie camera in full diving dress,1
"Spearfishing, shot a turtle",1
Photographing the shark,1
Fleeing across a river,1
"Moving shark from tuna vessel when boat rolled, placing both man & shark in chest-deep water",1
Wreck of the 150-ton brig Maria,1
17 Maldivians adrift in open boat for 31 days,1
Swimming with dog near canning factory,1
Commercial diver (submerged or treading water),1
Attempting to fix motor,1
Free diving for sinkers,1
Parachuted into Pacific,1
Cleaning fish,1
Washing a dog,1
"Plane forced down, 3 men on rubber life raft. Put hand over side to feel drift of boat ",1
Swimming / shipwreck,1
A dhow capsized,1
Playing in surf with his child  (9),1
"Wading, when he stepped on the shark",1
Swimming at edge of channel,1
The passenger ship Pioneer Cebu  capsized & sank in Typhoon Irma,1
Ferry capsized,1
Attempting to drag hooked shark ashore by its tail,1
Jumped into the water from a cliff,1
"Fell overboard, prop slashed arm",1
Fishing (rod & line),1
Kneeling in the water,1
Skin diving for trepang but at surface next to the boat,1
Fishing in ankle-deep water,1
Filming & feeding captive sharks,1
Fishing (trolling),1
"Spearfishing, but standing in the water",1
"Testing classified underwater electronic gear for Raytheon Corporation, vessel torn apart by explosion",1
Swimming in pool formed by construction of a wharf,1
Boat capsized between O'ahu & Molokai,1
"""Climbing up to ship after repairing the stern in water""",1
"Fishing, probably with a net",1
Fell overboard from the Malacca,1
Standing / surfing,1
13 men in the water after sailboat capsized & sank,1
"Fishing, hauling in net, shark in net",1
Diving for pearl,1
Adrift on a raft ,1
Air disaster. Flash Airlines Boeing 737 crashed into the Red Sea,1
"Fishing,  tarpon being chased by shark  leapt across his skiff, breaking it in half & Larkin became tangled in the net",1
Dragging stranded shark ashore,1
The shrimper Loless Maurine capsized in heavy seas & the men were swimming ashore  ,1
Attempting to net shark in shark channel,1
"Tzenny Chandris, a Greek freighter laden with scrap iron, foundered in heavy weather",1
Pulling raft out to ride to shore,1
Diving for sea urchins,1
Swimming naked near a date palm where many dates fell into the water,1
Bathing in 3' to 4' of water,1
Sinking of the ferryboat Dumaguete ,1
Playing / jumping,1
The USS Wahoo torpedoes & sank the Japanese troop transport Buyo Maru,1
Feeding prawns to captive sharks,1
Gaffing & attempting to bring onboard a harpooned shark,1
Cleaning a tank,1
"Wading to dinghy, carrying his son",1
The 6711-ton American freighter & troop transport Cape San Juan was torpedoed by the Japanese submarine I-21,1
Net-fishing,1
Surfing (pneumatic surfboard),1
native boats sunk in storm,1
Collecting fish by lamplight in gully,1
Free diving for abalone (submerged),1
Removing shark from tank in nightclub ,1
The British steamer Caribbee foundered,1
Swimming near his boat,1
Floating with life preserver after his boat foundered,1
"Fishing, had just speared a ulua",1
Holding onto an inflatable boat,1
Stamding,1
Swimming with mask & snorkel,1
"Swimming, towing the shark",1
Swimming / jumping off a jetty,1
"Diving, repairing water main at depth of 90'",1
Drift fishing,1
Cutter capsized,1
A group of survivors on a raft for 17-days,1
Diving for trochus  from dinghy when seized by shark 6' below the surface,1
Lying on surfboard,1
Sight-seeing,1
Wakeboarding,1
Taking catch from a fish weir in which the shark was snared,1
Swimming after being swept into sea by a large wave,1
"Fishing from shore, washed into the sea",1
Fishing in knee-deep water,1
Tandem surfing,1
yachting accident,1
"Fishing, thrown into water by heavy sea, clinging to rocks at the water line",1
Standing alongside surfboard,1
"Wading, netting fish",1
"Fishing, one of three fishermen swept into the sea by a large wave ",1
Washed into sea while picking opihi,1
"Floating, after falling or jumping off the Standard Oil tanker Frederick W. Weller",1
American minesweeper USS YMS-350 lost in a typhoon - swimming to shore,1
Fishing with hand net in 2' of water,1
Swimming or paddle boarding,1
a corsair's boat was overturned,1
Swimming after falling overboard,1
Kayaking (returning from spearfishing),1
Fell overboard from USS Ward,1
"""Crossing the river""",1
"Spearfishing, but swimming on surface",1
Swimming around anchored ship,1
Swimming to shore after boat capsized by a squall,1
Windsurfing (urinating on his board),1
Pulling shark from the water,1
Air/Sea Disaster involving C-54 Air Force Transport No. 2686 with 37 on board,1
"In boat being towed by ship, Karnak",1
Free diving or wading back to shore,1
"After rowing skiff was holed by shark, he was attempting to swim ashore",1
"Dutch merchant ship Zaandam torpedoed  by the U-174 amidships, sank & dozens of survivors took to rafts & boats. One man, Izzi, who drifted 83 days on a raft related that sharks attacked many men in the water when the ship went down",1
Attempting to lasso shark's tail,1
Attempting to chase shark out to sea,1
Shipwrecked; adrift on raft for 2 days & 2 nights,1
Hardhat diving ,1
Bitten while cutting shark from net,1
Swimming with board,1
Swimming near anchored ship,1
"Spearfishing, carrying fish on belt",1
Touching the mouth of a supposedly dead shark,1
Standing / Bathing,1
Playing ,1
preparing to go skin diving,1
Body boarding or surfing,1
"Unknown, but it was said to be the ""First known attack in Sydney Harbour""",1
Clinging to shipwrecked junk,1
Swimming/,1
Surfing / Swimming,1
Spearfishing (Free diving),1
"S.S. Marine Sulphur Queen, laden with molten sulphur was bound from Beaumont, Texas for Norfolk, VA, when she disappeared with 39 on board",1
HMS Victoria collided with the HMS Camperdown,1
"Vessel capsized, wading ashore carrying an oar",1
"Boat capsized, clinging to line",1
Trying to catch a wounded bird,1
Fell onto dead shark,1
Swimming to shore from capsized sailboat,1
Fell from yardarm of British ship Rover,1
Cargo ship El Gamil entroute Suez to Yemen (Aden) when her cargo shifted and she sank. 19 Egyption sailors jumped into the water and swam for several hours before being bitten by sharks,1
Free diving for abalone (ascending),1
Dog paddling or standing,1
Wreck of the 1689-ton Portuguese  coaster Angoche,1
Swimming near life raft,1
"Row boat (from the gunboat Elcano) was sinking, put finger in hole",1
"Fishing, caught a 15' shark & took it onboard",1
Clinging to overturned rowing boat,1
Floating ,1
Shark Fishing,1
Washed off catamaran in the surf,1
Fishing from paddleski,1
Fishing for turtles,1
The passenger ship Kapuna was run down the ore carrier Ada Melmore,1
Wading / fishing & carrying a bag of fish,1
"Spearfishing, shot a sandtiger shark. Cord to spear tangled round his legs & a wave washed him onto a reef.",1
Snorkeling (filming the sardine run),1
Petting a shark,1
Removing shark from a net,1
Spearfishing/ filming,1
Attempting to illegally enter the USA,1
Free diving for molluscs,1
Swimming from naptha launch after a day of fishing,1
Swimming near pier,1
Fell oveboard from steamer Wanderer,1
Diving for trochus from lugger,1
Fell from his father's back into the water,1
Chumming for sharks,1
"Scuba diving, attempting to catch a captive shark",1
Fishing (big game),1
"Diving, gathering shellfish",1
Fell from the jetty,1
Fishing for yellowtail,1
Steamer Una wrecked with 75 laborers onboard. Survivors took to rafts & lifeboats.,1
Fell overboard?,1
Standing / Snorkeling,1
"Free diving, collecting shells",1
Swimming / surfing,1
"Spearfishing, holding 5' speared fish",1
Sitting in a boat,1
ship torpedoed 400 miles off the African coas. Man was clinging to hatch cover,1
The 3540-ton Alfonso Penna was torpedoed & sunk by the Italian submarine Barbarigo,1
Hospital Ship Centaur torpedoed & sunk by the Japanese submarine I-177,1
Italian liner Principessa Mafalda sank,1
Shipwrecked pearling schooner,1
Floating or standing,1
"Examining netted shark, that had been shot",1
Attempting to drive shark away from the beach,1
"Diving, retrieving film package from Titan 3C rocket",1
Free diving & spearfishing (descending),1
Paddle Skiing,1
"On December 28, 1908, an earthquake, followed by tsunamis, destroyed coastal towns in Silcily and southern Italy, killing more than 100,000 people",1
"On boat, preparing to dive",1
Spearfishing / scuba diving,1
Shark hoisted on board liner Tahiti,1
Bathing with her mother,1
"Spearfishing, Smith  & Walker touched shark with tip of their guns",1
"Spearfishing, Scuba diving",1
Dynamite fishing,1
Diving (Hookah),1
Attempting to drive shark away from sailing regatta,1
In water with diving seabirds,1
Splashing in surf,1
"His ship, the US destroyer Duncan DD 485, had been  sunk by crossfire from Japanese warships. He was wearing a kapok lifejacket & using 2 aluminum powder tins for floatation  ",1
Fell overboard from the Sobella,1
Watching seals,1
Reviving a sedated shark,1
Dress diving,1
Hunting turtle,1
"Fishing, removing gaff from shark's mouth",1
Knocked into the water,1
Fishing for rock lobster,1
Scooping prawns,1
Dived overboard to retrieve dinghy,1
Sitting on side of dinghy mending a net,1
Scuba diving / culling lionfish,1
Spearfishing on scuba,1
 ,1
3-masted steel barque Glenbank foundered during a cyclone,1
"Line fishing from Lakotoi, saw shoal of fish, dived overboard, had speared second fish & surfaced for air",1
Wreck of the Union Steamship Company 982-ton iron steamer Kafir,1
Jumped overboard from Norwegian steamship Venator,1
Catching a turtle,1
Scallop diving on hookah,1
Spearfishing or fishing,1
Crouching in the water,1
Moving a shark in a net ,1
Fishing for pompano,1
Jumped overboard to rescue companion,1
Swept out to sea while fishing,1
Skin diving ,1
Paddle Boarding,1
boat from City of Naples capsized,1
Boarding a ship,1
Diving from lugger,1
Adrift on raft after their ship was sunk by an Axis raider ,1
"Net fishing, picking catch from the net",1
Fishing & spearfishing,1
On board 51' fishing vessel One Ki,1
Catching sharks under government contract,1
Accidentally stood on hooked shark's tail before attempting to gut it ,1
In deep water about 100 yards from his ship,1
Hookah diving for abalone (submerged),1
Swimming / floating on his back,1
"Helmet diving, collecting trochus shell",1
Retrieving bait box that had fallen overboard,1
Dived overboard & was swimming near stern of trawler,1
Wading (shrimping),1
"Spearfishing, had fish on his spear",1
Dropping anchor,1
NSB Meshing,1
He drowned when boat capsized,1
Grabbed shark & threw it on deck,1
Free diving but treading water at surface,1
"Fishing, boat capsized",1
Feeding stingrays?,1
Oyster fishing,1
"Spearfishing, free diving, possibly ascended into path of cruising shark",1
The cutter Francis Adams foundered,1
Body boarding ,1
Swimming with dolphins,1
Crossing the bay at the ford,1
Bathing with sister,1
Investigating shark sighting,1
Vehicle plunged over cliff into the water,1
Boat stopped to repair electric pump,1
Riding a horse,1
Cleaning hull of ship ,1
12 of the Penang's crew were returning to the ship when their 12' dinghy capsized,1
Standing or boogie boardin,1
Shipwrecked Persian Fleet,1
Swimming near pod of whales,1
Fishing from surfski,1
Swimming with other crew near wharf,1
Collecting fish ,1
Foundering of the Israeli freighter Mezada,1
Dived from dinghy to retrieve oar in heavy seas,1
"Floating, holding onto an oar after dory capsized",1
Angling,1
"Spearfishing, shark grabbed his white t-shirt and towed him ",1
Swimming in canal,1
Fishing for shrimp,1
Swimming (using a float),1
Marathon swimming,1
Swimming in the channel,1
Air/Sea Disaster Pan-American Airlines Stratocruiser with 44 people onboard crashed into the sea,1
Boat of a Hawaiian brig was stove in by  whale,1
Floating on inner tube raft,1
Harpooning turtles,1
A man's head found in a shark caught by British steamer Syria,1
Trailing hand in the water,1
Had just dived into water & was swimming,1
Attempting to ride a shark,1
Free diving for sponges,1
Swimming in hip-deep water,1
Colombian  (Avianca) DC-4 airliner plunged into the sea 5 minutes after takeoff,1
Fishing for sharks when he became entangled in net & fell overboard,1
Boeing 757 enroute from Porta Plata plunged into the sea,1
Closed circuit diving (submerged). Diving to recover jettisoned packets of opium for police,1
Floating with life buoy after pilot launch capsized,1
"On 6-Nov-1942, the German submarine U-68 sank the City of Cairo 5 days from Cape Town, survivors took to lifeboats & rafts. On the 15th day, a fireman jumped over the stern & was taken by sharks",1
Swimming near jetty with 2' piece of wood,1
Thrown into water from fishing dinghy,1
Swimming with pod of dolphins,1
"Swimming, after falling off towed kneeboard",1
Sitting in 3' of water,1
Wading near a fishing net,1
Free diving with goggles,1
Fishing from 34' boat when pulled overboard by hooked shark,1
"Sea Disaster, sinking of the motorship Wingate",1
"Fishing, standing in water washing fish",1
Underwater photography,1
Photographing sharks underwater using Scuba,1
Water-skiing,1
Shell Diving,1
Attempting to rescue a shark,1
Spearfishing / freediving,1
"Fishing boat with 4 men on board was rammed & capsized by  a shark, throwing all occupants into the water",1
Collecting aquarium specimens,1
Free diving Spearfishing,1
Swimming in strong current with 3 others when he disappeared,1
Bathing in knee-deep water,1
Fishing for tarpon,1
Fell overboard from SS Ripley Castle,1
Fishing inside net,1
"Spearfishing, pulled sharks tail",1
Swimming from makeshift raft  to life vest after fishing boat sank,1
Body found floating next to his ship,1
"Surfing, but swimming to his board",1
Playing on a sandbar,1
Fishing  (trawling),1
"Diving, retrieving fish caught in net ",1
The 6015-ton British ship Empire Avocet was torpedoed by the German submarine U-125. ,1
"Fishing, Struck by another shark when removing shark from line",1
Thrown from destroyer when shell hit,1
American minesweeper USS YMS-472 foundered in a typhoon - swimming to shore,1
Pulling hooked salmon to boat,1
Taking boat from California to Florida when it ran aground & he was swimming back to boat,1
Fell overboard from sponge vessel,1
Gigging for flounder,1
Reported swept away by waves while gathering opihi,1
Swimming or snorkeling,1
The steamships Thingvalla and Geiser collided,1
Jumped out of canoe,1
Fishing from Surfboard,1
The MV Dona Marilyn sank in Typhoon Unsang with the loss of 389 lives,1
Holding shark's tail ,1
Onboard 21' powerboat that capsized in rough seas,1
Ferry boat Dona Paz with 4431 passengers exploded & caught fire when she collided with an  oil tanker ,1
Fell from wharf into water & attacked immediately,1
"Swimming, after boat swamped",1
Spearfishing using scuba,1
Fishing for bottom fish,1
Hand lining for shad,1
Bathing in waist-deep water,1
Net fishing,1
Fishing for blue sharks,1
Floating face down,1
"Fishing, lifting shark out of craypot",1
The 2379-ton French steamer La Seyne collied with British steamer Onda & sank in minutes. Passengers jumped overboard expecting to be picked up by Ondas boats,1
On expedition filming a feature movie & standing on tripod,1
"Surfing, lying on surfboard",1
"Swimming, using bundles of sticks as raft",1
"Spearfishing, dived to pick up a float line",1
Fishing schooner Jose Luis foundered,1
Swimming alongside the SS Kearsarge,1
Attempting to rescue an injured & beached shark,1
Ferry boat sank,1
"Fishing, when line became snagged on rock & he dived into water to free it ",1
Watching the shark feeding on a dead pinniped,1
Crabbing (spearing crabs),1
"Surfing, fell off surfboard & stepped on the shark.",1
Sunbathing on beach when he saw child being attacked by the shark,1
Killing  sharks,1
Free diving for trochus,1
"Spearfishing, but standing in knee-deep water",1
"Filming underwater, carrying powerhead",1
"Surfing, pushing board ashore",1
On a float,1
Sinking of the M/V Mindoro during a typhoon,1
Swimming at surface through school of feeding 2.5' to 5 sharks,1
Playing volleyball with friends,1
Walking in surf,1
Swimming after his canoe capsized,1
Freediving for trochus shell (submerged),1
Accidentally dragged overboard from the sampan Holokahana into school of yellowfin tuna,1
Scallop diving (using surface-supplied air & a POD) ,1
Swimming ashore from swamped 13-ft boat,1
She was on a ship that was torpedoes & was in the water awaiting rescue,1
63' fishing boat Sno' Bay foundered,1
Scuba diving & U/W photography,1
Wading & pushing dinghy toward  the shallows,1
The Cuban freighter Libertad was torpedoed and sunk by the German submarine U-129,1
Bathing close inshore,1
Swimming with speared fish,1
Swimming after boat became disabled,1
Abandoning burning steamship Don Juan,1
Fishing for tunny,1
Washing clothes,1
"2 messboys (Jeppsen) & Tony Latona (13) were playing on the afterdeck of the Danish ship Grete Maersk. Jeppsen fell overboard, Latona threw a lifebelt then jumped in to help him. Ship didnt notice they were missing",1
"The 21,516-ton troopship Empress of Canada torpedoed and sunk by the Italian submarine Leonardo da Vinci",1
"Survived US Naval aircraft crash, climbing onboard rescue vessel when he fell back into sea ",1
"Swept out to sea by the tsunami, she clung  to a log for 24 hours",1
"Standing, watching seine netters",1
Swept out to sea while net fishing,1
Chumming for white sharks,1
"Refused permission to cross on the ferry, he was swimming across the river",1
Adrift after ditching plane in the sea,1
"American freighter Mormackite, bound from Buenos Aires for Baltimore, capsized & sank in heavy seas",1
Paddling rescue ski,1
Abalone diving using Hookah (resting on the surface),1
Freediving for abalone (at surface),1
"The 426-ton cargo ship Mia, laden with cement, capsized in heavy seas ",1
Gathering shells,1
"Swimming, wearing black wetsuit & swim fins",1
Playing in the surf with his 2 dogs,1
Rescuing seaman after ship sunk by German raider,1
Wading to shore from his boat,1
Night diving,1
"Spearfishing, speared fish retreated to cave where shark grabbed his arm",1
Riding horseback across the creek,1
"Fell overboard from a frigate & was swallowed by a shark. The captain fired a gun at the shark, and ""the creature cast the man out of his throat.""",1
Hardhat diving,1
Swimming / floating,1
Free diving for lobster,1
Fell off aircraft carrier,1
"Swimming, after sailboat capsized",1
"Swimming, attempting to rescue a girl  believed to be drowning",1
Boat capsized?,1
"Fishing, wading with string of fish",1
Scuba diving for lobsters,1
Bathing alongside ship,1
"Speared a grouper, saw shark but it came for him instead of the fish so he fired spear into sharks mouth. Then shark took grouper but unable to swallow because of the spear in its mouth.",1
Paddling on kneeboard,1
Fell overboard from fishing schooner Halycon,1
Scuba diving & spearfishing ,1
"Yacht Gooney Bird foundered, 4 survivors on raft",1
Leaving the water,1
Filming a documentary,1
Swimming between boats,1
"USS Gambier Bay CVE-73  shelled & sunk  at 09h57 on 10/24/1944, by Japanes fleet enroute to attack the Allied landing force at Leyte.",1
"Fishing / cleaning fish, dived into water to retrieve a lost fish",1
Fell from cliff while fishing & disappeared in strong current,1
Sitting,1
A barque wrecked,1
Swimming 3 miles offshore,1
Lobstering,1
25-foot cabin cruiser Happy Jack sank in heavy seas,1
British cruiser Dunedin torpedoed & sunk by the U-124,1
"Swimming. Passer-by, Len Bedford, heard him shriek , saw shark leap from the water & swimmer disappeared",1
"Windsurfing, but sitting on his board",1
Fishing for octopus,1
Jerked overboard while pole fishing for tuna,1
4 men were bathing,1
Touching sharks,1
Diving (Helmet) for sponges,1
Swimming out to rescue swimmers in difficulty,1
Torpedoed & burning British  light cruiser with a crew of 450 men,1
Coming ashore on a hawser,1
A 210-ton brig was sunk by a Japanese submarine. Some of the survivors were machine-gunned & some were taken by sharks,1
Hunting seals,1
B-24 crashed during a search mission. Survivors in raft for 47 days ,1
"Fishing, hooked shark towed boat out to sea, storm swamped boat",1
Captured Allied soldiers were squeezed into 3' bamboo pig baskets & fed to waiting sharks,1
Swimming off yacht,1
Bending over,1
Fishing in Alabama Deep Fishing Rodeo,1
"1446-ton Norwegian barque Errol, bound from Peru to Newcastle with 22 on board wrecked. Survivors shelterd on the wreck of the Annasona. Subsequently the Master, his wife & 4 children perished along with several crew. Survivors (5) were rescued 7/12/1909",1
Swimming near shore,1
"Diving for shells, saw shark circling wife near the surface, intercepted shark & it pulled him beneath the water",1
"Swimming ashore from a ""filibuster""",1
Swimming crawl stroke,1
"Fishing, tossing netted shark onboard",1
"Fishing, fell from rocks & disappeared",1
Swimming on sandbar adjacent to channel,1
Murdered by Thai pirates,1
Spent 8 days in dinghy,1
Free diving for abalone from Zodiac (submerged),1
Dived from inner-tube,1
"Sea disaster, foundering of the cargo vessle M/V Dorolonda",1
"Standing, gathering oysters",1
Free diving for crayfish,1
The 500-ton coastal trader Polurrian foundered ,1
Standing in water with child in her arms,1
Ejected from F3H-2 aircraft ,1
Swimming near breakwater,1
Shipwrecked,1
"Net fishing, fell into the water",1
"Free diving , but surfacing",1
The coastwise steamer San Basilio capsized in a typhoon,1
Bitten after dhow shipwrecked,1
"Standing, washing rear wheels of his ambulance in ankle-deep water",1
Free diving for scallops,1
Free diving for abalone (surfacing),1
Swimming at side of small boat,1
"Small boat swamped, 4  people swimming to shore but he fell behind the other 3 and vanished",1
Night Surfing,1
Jumped overboard to rescue a man,1
Swimming from shore to anchored sailboat,1
Fishing from shore,1
Helmet diving in Miami Seaquarium,1
SCUBA Diving,1
Netting pilchards,1
Reached out to disentangle rope & fell overboard,1
Attempting to anesthetize shark,1
Scuba Diving for scallops,1
Swimming close to wharf,1
3.3 m fishing boat sank. Treveluwe & Peter Hodgson (wearing lifejackets) were drifting in the current,1
Paddling outrigger canoe,1
"Watching seine netters with friends, one of whom picked up a netted shark",1
"Vessel caught fire & capsized, survivors in the water",1
"Free diving, collecting sand dollars",1
Restraining a beached shark,1
"Two canoes with 14 aboard blown to sea in a storm. While adrift for 3 week, one person fell overboard and was killed by a shark",1
Climbing back on ship,1
Overturned skiff,1
Surfing (or body boarding),1
Spearfishing & diving for paua,1
Stuffing a shark into an automobile,1
Spear fishing,1
HBM Magpie foundered in a squall,1
Jumping in the waves,1
Working prawn net,1
Lying on the bottom of a 16' dinghy,1
Wading in school of baitfish,1
Crossing river on a raft,1
The Dwarka foundered,1
Hooking into a whale,1
Fishing for squid aboard the trawler Shikishima-Maru when the shark leapt into the boat,1
"Scuba diving, reportedly also spearfishing",1
Fishing with dynamite,1
Attempting to attract dolphins,1
Standing on his hands,1
"Hauling dead shark aboard, when another shark leapt out of the water & bit him",1
"Anti-Aircraft cruiser USS Atlanta (CL,-05) travelling in convoy after the Battle of Midway, encountered a Japanese flotilla  (Battle of Guadalcanal) &, heavily damaged by gunfire, she was lost off Lunga Point. Victim was swimming when bitten.",1
Spearfishing & lassoed shark,1
"Standing in waist-deep water, helping his father tend a gill net containing dead fish",1
"Skindiving, fish at belt",1
Bathing in water 0.9 m deep,1
"Sea Disaster, wreck of the  SS Norwich City",1
Attempting to remove fishing net from submerged object,1
Spearfishing / night diving,1
Surfing or body surfing,1
Floating on a small orange raft ,1
"Scuba diving, hand feeding sharks",1
Loss of the schooner Nomad,1
Diving (shell maintenance),1
"Air Disaster - Piper aircraft crashed into the sea, killing all on board",1
S.S. Ramos foundered in a hurricane. Captain & 14 crew in water-logged lifeboats. ,1
Swimming /  boogie boarding,1
Fishing for red fish,1
Swimming with motor tube,1
Observing a shark feeding on a carcass of a humpback whale,1
Working on the bridge when he fell into the river,1
Small boat with 2 men onboard hit a submerged coral formation. Men began swimming to shore,1
Wind surfing,1
"Goggle-diving for seaweeds, but standing in water",1
Yacht race,1
No details,1
Swimming 10 m from shore,1
"Free diving / photography, kneeling on sand",1
Racing ski,1
"Swimming, carrying tin can with mail to steamer",1
Swimming after a tennis ball,1
"The schooner Elizabeth, bound from Bluefields, Nicaragua to the river port of San Carlos foundered",1
Surfing & filming dolphins,1
Wreck of the schooner Driver,1
Fishing / washing bait off hands,1
Dived naked into the water on a bet,1
"Diving, attempting to retrieve body of drowning victim wedged between rocks",1
On life raft tethered to lifeboat. A seaman put hand over side to rinse a cup,1
Pacific Seafarer of US Navy,1
"Body found on deserted luxury yacht, 38 Christine",1
Copra vessel with 19 on board was wrecked in a squall,1
Swimming breast stoke,1
Diving for coins tossed from passenger ship,1
"Fishing for bluefish, shark leapt into dory",1
"Standing, collecting sea stars",1
Hunting seashells,1
Washing cooking pans,1
"Sea Disaster, canoes capsized in storm",1
Dismantling cable buoys of the cable ship All America,1
British ship Macedon was thrown on her beam ends by a sudden squall,1
"Playing on rock, slipped & fell into the water",1
Pulling anchor,1
Hookah diving for pen shells ,1
Jumped overboard and swimming,1
"Snorkeling, carrying a speared fish in her hand",1
Diving / Filming,1
Snorkeling  hunting crayfish and abalone,1
Light aircraft ditched at sea,1
Catching sardines,1
SUP,1
Swimming on surface,1
"Fishing, catching snoek, Thyrsites atun",1
"Fell overboard, hanging onto lifebuoy",1
Skindiving for abalone (but at surface),1
   ,1
Hookah Diving,1
Jumped off rocks into white water,1
Scuba diving for bivalves,1
H.M.S. Cornwall & H.M.S.Dorsetshire sunk by Japanese dive bombers. Officers & men in the water formed a circle with 60 of their dead in the center for 36 hours,1
Diving to untangle a crab trap line from boat's propeller,1
Murder victim,1
"Fishing, setting nets",1
The steamship Bonnie Dundee lost in collision,1
Jumped overboard from torpedoed Panamanian freighter,1
Catching crabs,1
"Surf fishing, wading ",1
Competing in spearfishing championship & towing dead fish,1
"Fishing, stepped on hooked shark's head",1
"Diving, recovering fish killed by dynamite",1
Collecting fish in military trap when bitten by captured shark that had been shot by soldiers with Garten,1
Treading water/ Surfing,1
Wading to shore after surfing,1
Boogie boarding / wading,1
Paddling a canoe,1
Explosion & sinking of the USS Juneau after being torpedoed by the submarine  I-85,1
Swimming after harpooned whale capsized boat,1
Playing soccer in the water,1
Fishing boat capsized ,1
Commercial spearfishing,1
The boat Caribou II sank,1
"Ship's boat capsized in squall, captain & 2 sailors clinging onto hull",1
"During a shark fishing tournament, the 18' Boatem was capsized by waves, throwing 3 men into the water ",1
Steinhart Aquarium,1
Fishing from a kayak,1
"Standing, collecting bananas",1
Dived into a school of baitfish,1
"On a ""shark hunt""",1
Free diving (but on surface),1
His balloon crashed in the harbor,1
Fishing for snoek & yellowtail,1
Fishing from market fishboat Sea Spray,1
"Aircraft ditched in the sea, swimming ashore",1
Inflatable boat,1
Body surfing or body boarding,1
Diving for pearl shell,1
Free diving  & spearfishing (submerged),1
Surf paddling,1
Flying Fortress bomber aircraft went down after daytime raid on Naples. He was swimming on the surface,1
"Fishing, holding fish",1
Paddling & sailing from Buenos Aires to Miami,1
Lifeboat capsized,1
Swimming / treading water,1
Floating on air mattress,1
Swimming in midriver near sewage outlet & 400 m from a slaughterhouse,1
Wading after stray fish from seine netters catch,1
Canoe with 3 men onboard sank,1
Washed overboard into school of fish,1
Scientific research (Dr. Sonny Gruber's student),1
"Diving, but on the surface when bitten by the shark",1
Man fell overboard from ship. Those on board threw a rope to him with a wooden block & were pulling him to the ship,1
Adrift after the sinking of the motor yacht Princess Dianne,1
Free diving ,1
Swimming (recovering remains of Stilwell) ,1
Swimming to shore from the Medic,1
Lifesaving exhibition,1
Swimming behind sailboat,1
Bathing in 5' of water,1
Escaping from blackbirding vessel,1
Batin,1
Playing with an air mattress,1
"Diving for trochus , but swimming on surface",1
"Spear fishing, removing fish from spear",1
Hurricane & Tidal Wave,1
Working near fish traps,1
"Spearfishing, but swimming at surface",1
Surfing on air mattress,1
Diving on a wreck,1
Slapped shark on tail as it swam by,1
Standing in chest-deep water,1
Fishing from prawn trawler,1
Free diving & spearfishing (ascending),1
Fishing for rock lobsters,1
"Sea disaster, wreck of the Alfred Watts",1
Swimming in section of river used for washing clothes & cooking utensils,1
"Free diving, working on U/W scenes for motion picture",1
"Shark fishing, knocked overboard",1
Scuba diving for abalone (at surface),1
Diving in aquarium display tank,1
Collecting beche-de-mer,1
boat with 46 people on board capsized,1
Longline fishing for sharks,1
"Bringing hooked, harpooned shark onboard boat",1
Lashing logs together when he fell into the water,1
Went overboard,1
"Fishing, on a boat",1
Swimming or Snorkeling,1
Fishing boat swamped in a storm,1
Treading water after survivng crash of the US Navy airship K-74 that was hit by the German submarine U-134,1
Riding floatation device,1
Swimming out to porpoises ,1
Canoe swamped,1
Sinking of the cargo ship Mark Jason,1
"Fishing, fell in water & swimming strongly to shore",1
Royal Hawaiian skymaster DC-6B aircraft went down with  58 passenger & crew,1
Small vessel with 13 men on board capsized crossing the bar and 6 men drowned.  The 7 survivors were swimming to shore,1
Hunting lobsters in 2.4 m of water,1
Canoe capsized by shark,1
Free diving for trochus ,1
"Swimming, towing an empty barrel",1
"The World Liberty and the tanker Mosli collided. The  Halcyon Breeze sent a lifeboat to the rescue, but it was smashed, throwing 6 men in the  water.",1
Resting on body board,1
"Swimming, after single-engine aircraft went down in the sea",1
Pearl diving from lugger,1
"Free diving, surveying a pipeline & examing cathodes under jetty",1
On fishing boat & trailing hand in the water,1
Fell off banana boat,1
Sitting in bow of her father's 5 m boat,1
3 men & 2 boys picked up wearing life jackets and with inner tube,1
Lobster diving using Scuba,1
Wreck of the USS Somers,1
Bathing / standing,1
Surf fishing / wading,1
Sea Disaster : Wreck of the Carrie E. Long,1
Swimming outside the safety enclosure attempting to retrieve a tennis ball drifting toward midstream ,1
"Wading, fishing for flounder",1
Capsized fishing boat,1
Filming,1
Dived overboard to check propeller of US Navy motor torpedo boat,1
Japanese aircraft shot down. He was one of two survivors rescued by the U.S. destroyer Mugford,1
Washing clothes on stairs,1
Swimming with boogie board,1
Hookah diving,1
U-177 torpedoed & sank the troopship Nova Scotia,1
Columbian petrol barge Rio Atrato burned and sank,1
"British ship, Britannia,  was loading lumber. He was bathing",1
Spearfishing on scuba & transferring fish onto a stringer,1
"Swimming, attacked at  surf carnival",1
Longline fishing,1
Fishing boat swamped in storm,1
Dived into sea from launch & bitten immediately,1
Testing anti-shark cage,1
British patrol boat 1250-ton HMS  Valerian foundered in a hurricane,1
Helping friend land hooked shark,1
"Diving, feeding sharks",1
Floating near boat & observing bioluminesce,1
Hauling in net,1
"Canoe capsized with 10 occupants, 8 survived,  Hamilton swam off to seek help",1
Free diving with a pod of dolphins,1
The 168-ton Belmore foundered in heavy seas,1
Attempting to swim across the Atlantic Ocean,1
Adrift on refugee raft,1
Diving / fishing,1
The steamer Tahiti collided with the ferry Greycliffe,1
Jumping in swells,1
"Adrift, hanging onto cushion, after his 17' skiff ran out of gas & capsized 3 miles from shore",1
Longling fishing,1
"Diving from the lugger San, operated by the Protector of the Aborigines",1
Hiking on the beach,1
Retrieving meat from a cage in the water,1
Hookah diving (submerged),1
"Treading water, waiting for a wave",1
Lobster fishing,1
"Fishing, hauling in a 5-lb snapper",1
"Snorkeling, possibly holding a fish",1
Hookah diving for abalone (descending),1
Rowing a dinghy,1
Lying on surfboard & paddling,1
Paddling in knee-deep water,1
"Spearfishing, hunting crayfish",1
Fishing from 32' boat,1
"Known as The Battle of the Bismarck Sea :  8 Japanese destroyers guarding a convoy of 8 transports were attacked by 129 Allied fighters, 207 bombers & 3 squadrons of the Royal Australian Air Force. ",1
Bathing alongside the American ship Thomas W. Sears,1
Aircaft exploded,1
Fishing for trout ,1
Swimming a quarter mile offshore,1
"Spearfishing, carrying his catch",1
Ship lay at anchor & man was working on its rudder,1
Put foot inside mouth of supposedly dead shark,1
Spearfishing with Scuba gear,1
"Unknown, their unoccupied yawlboat was recovered",1
"Thrashing the water / imitating the shark victim from ""Jaws""",1
"Tuna fishing, standing on stern platform that was submerged by waves",1
Conch diver,1
